# ------------------------------------------------------------------
# Generated by forcedphotometry_trim.pl, v3.9 on 2026-01-30 at 13:45:05
#
# Requested input R.A. = 164.0115967 degrees
# Requested input Dec. = 56.2042623 degrees
# Requested JD start = 2459665.9697106 days
# Requested JD end = 2460065.9697106 days
# Authenticated program IDs = 1
#
# Column definitions:
# index = sequential counter
# field = ZTF Field identifier
# ccdid = CCD identifier (1..16)
# qid = Quadrant (CCD-amplifier) identifier (0..3)
# filter = Filter string: ZTF_g, ZTF_r, ZTF_i
# pid = processed image Operations DB identifier
# infobitssci = processing summary/QA bits for sci image
# sciinpseeing = Effective FWHM of sci image [pixels]
# scibckgnd = Background level in sci image [DN]
# scisigpix = Robust sigma per pixel in sci image [DN]
# zpmaginpsci = Photometric zeropoint for sci image [mag]
# zpmaginpsciunc = 1-sigma uncertainty in zpmaginpsci [mag]
# zpmaginpscirms = RMS (deviation from average) in difference between instrumental mags and PS1 calibrators [mag]
# clrcoeff = Linear color coefficient from calibration; for ZTF_g,r,i, PS1 color used is g-r, g-r, r-i respectively
# clrcoeffunc = 1-sigma uncertainty in clrcoeff
# ncalmatches = Number of PS1 calibrators used in initial calibration of sci image
# exptime = Integration time for sci image [sec]
# adpctdif1 = Full sci image astrometric RMS along R.A. with respect to Gaia1 [arcsec]
# adpctdif2 = Full sci image astrometric RMS along Dec. with respect to Gaia1 [arcsec]
# diffmaglim = Magnitude limit in difference image [mag]
# zpdiff = Photometric zeropoint for difference image [mag]
# programid = Program identifier [0=engineering; 1=public; 2=private; 3=Caltech time]
# jd = Julian Date at start of exposure [days]
# rfid = Reference image Operations DB identifier
# diffimgstatus = Difference-image quality filtering (0=bad,1=good)
# forcediffimflux = Forced difference image PSF-fit flux [DN]
# forcediffimfluxunc = 1-sigma uncertainty in forcediffimflux [DN]
# forcediffimsnr = Signal-to-noise ratio for forcediffimflux measurement
# forcediffimchisq = Reduced chi-square in PSF-fit
# forcediffimfluxap = Forced difference image aperture flux using a fixed 9-pixel diameter aperture [DN]
# forcediffimfluxuncap = 1-sigma uncertainty in forcediffimfluxap [DN]
# forcediffimsnrap = Signal-to-noise ratio for forcediffimfluxap measurement
# aperturecorr = Aperture (curve-of-growth) correction factor that was applied to forcediffimfluxap measurement
# dnearestrefsrc = Distance to nearest ref image source if found within 5 arcsec [arcsec]
# nearestrefmag = Magnitude of nearest ref image source [mag]
# nearestrefmagunc = 1-sigma uncertainty in nearestrefmag [mag]
# nearestrefchi = Chi parameter for nearestrefmag measurement (ratio: RMS in PSF-fit residuals / expected RMS from priors)
# nearestrefsharp = Sharp parameter for nearestrefmag measurement (~0 => PSF like; >>0 => extended; <<0 => pixel spike or hard edge)
# refjdstart = JD of earliest sci image used for ref image [days]
# refjdend = JD of latest sci image used for ref image [days]
# procstatus = Per-epoch processing status codes (0 => no warnings); if non-zero, see accompanying log file and document link below
#
# Documentation: https://irsa.ipac.caltech.edu/data/ZTF/docs/forcedphot.pdf
#
# ------------------------------------------------------------------
# Order of columns below:
 index, field, ccdid, qid, filter, pid, infobitssci, sciinpseeing, scibckgnd, scisigpix, zpmaginpsci, zpmaginpsciunc, zpmaginpscirms, clrcoeff, clrcoeffunc, ncalmatches, exptime, adpctdif1, adpctdif2, diffmaglim, zpdiff, programid, jd, rfid, diffimgstatus, forcediffimflux, forcediffimfluxunc, forcediffimsnr, forcediffimchisq, forcediffimfluxap, forcediffimfluxuncap, forcediffimsnrap, aperturecorr, dnearestrefsrc, nearestrefmag, nearestrefmagunc, nearestrefchi, nearestrefsharp, refjdstart, refjdend, procstatus
#
 0 787 9 0 ZTF_g 1917422913215 4194304 1.7958 136.152 6.57771 26.1919 3.27733e-05 0.0383253 -0.102892 4.43336e-05 308 30. 0.128581 0.082411 17.4781 26.1919 1 2459671.9229167 787120132 1 6.99137039338531 15.9990110903345 0.486098155020776 2.62687387243774 -39.2514320887771 28.6520501345914 -1.37916109167055 1.08051911468951 0.438649327263071 18.9789998054504 0.0759999975562096 5.01700019836426 0.462999999523163 2458166.884375 2458276.724259 0
 1 788 12 1 ZTF_g 1917428194515 0 1.8689 134.226 5.50678 26.2719 1.76995e-05 0.0299942 -0.080611 2.51602e-05 322 30. 0.094076 0.072628 20.6644 26.2719 1 2459671.9281944 788120145 1 -34.795883549169 26.908330634353 -1.43845378858848 1.64820758643176 -88.3926864357565 50.2179137866837 -1.7720372981357 1.0544235478652 0.559311090529057 18.9760000228882 0.0670000016689301 4.8600001335144 0.347000002861023 2458166.882269 2458272.703889 0
 2 787 9 0 ZTF_g 1920388563215 4194304 2.3711 135.511 7.87786 26.1986 3.12754e-05 0.0372743 -0.0775074 4.34204e-05 300 30. 0.123674 0.083588 17.4695 26.1986 1 2459674.8885648 787120132 1 -113.578343911375 36.1702586918421 -3.49300106584062 1.11129373460617 -92.8092516478221 64.2598327112734 -1.45400825609449 1.07967978358491 0.438649327263071 18.9789998054504 0.0759999975562096 5.01700019836426 0.462999999523163 2458166.884375 2458276.724259 0
 3 788 12 1 ZTF_g 1920410134515 0 2.6967 132.303 6.44152 26.2451 2.68982e-05 0.0364286 -0.0507293 4.0108e-05 308 30. 0.105379 0.089934 20.1407 26.2451 1 2459674.9101389 788120145 1 26.2062914939199 40.0485995662168 0.727902203986158 0.951858558921436 63.8245022979546 63.3565237101663 1.01417123652505 1.07978816823991 0.559311090529057 18.9760000228882 0.0670000016689301 4.8600001335144 0.347000002861023 2458166.882269 2458272.703889 0
 4 788 12 1 ZTF_g 1922302104515 0 3.3203 138.322 5.9804 26.2976 3.28404e-05 0.0394214 -0.0562391 5.2746e-05 287 30. 0.115716 0.091894 20.1055 26.2976 1 2459676.8021065 788120145 1 34.8698963936894 39.1843469342587 0.989903466491281 1.05916678797403 32.2278116287617 55.0859665762141 0.588986085038857 1.10978565607194 0.559311090529057 18.9760000228882 0.0670000016689301 4.8600001335144 0.347000002861023 2458166.882269 2458272.703889 0
 5 787 9 0 ZTF_g 1922325273215 4194304 3.3411 114.835 5.39491 26.1759 4.64401e-05 0.0438236 -0.0561351 7.40273e-05 261 30. 0.143229 0.09712 20.1334 26.1759 1 2459676.8252778 787120132 1 6.35535741791558 35.7937626720584 0.197509244004497 1.1630357666928 -20.7755211631625 50.6353886350387 -0.413059839320381 1.13426016961318 0.438649327263071 18.9789998054504 0.0759999975562096 5.01700019836426 0.462999999523163 2458166.884375 2458276.724259 0
 6 787 9 0 ZTF_r 1922348103215 4194304 2.9708 185.598 6.63679 26.1668 3.0462e-05 0.0365912 0.117577 4.08809e-05 305 30. 0.11533 0.094525 20.0107 26.1668 1 2459676.8481019 787120232 1 -50.1446673929063 39.4367246131567 -1.41442107363825 1.41292036003972 -27.901973281399 60.2128476825469 -0.466509985126127 1.09803322364125 0.462397800485168 17.9640001296997 0.0590000003576279 4.32499980926514 0.386999994516373 2458160.745150 2458229.694375 0
 7 788 12 1 ZTF_r 1922371384515 0 3.9045 238.868 7.35385 26.1844 3.18546e-05 0.0394278 0.138416 4.46481e-05 323 30. 0.125298 0.102132 19.6273 26.1844 1 2459676.8713889 788120245 1 50.2012246390562 54.6234303369773 1.02232773388821 0.895986148365785 115.992264243961 70.4012178286263 1.65868549463879 1.18356052753402 0.551987440985924 17.8479999542236 0.0610000006854534 4.52099990844727 0.305999994277954 2458182.832801 2458224.749641 0
 8 787 9 0 ZTF_i 1923264793215 0 2.6053 398.86 6.77212 25.6402 6.1004e-06 0.0260633 0.194931 1.92412e-05 317 30. 0.110767 0.086653 19.5404 25.6402 2 2459677.7647917 787120332 1 45.1133745156778 39.9318099897268 1.25672750157534 1.23833792055332 18.3399233956323 64.7139257407065 0.285308666157364 1.09366466513875 0.406091475756576 17.3470002746582 0.0659999996423721 4.44299983978271 0.331999987363815 2458174.769132 2458561.945544 0
 9 788 12 1 ZTF_g 1924304804515 0 1.7532 137.319 7.88335 26.2874 1.9976e-05 0.0317291 -0.060871 2.88495e-05 322 30. 0.097956 0.077618 20.3413 26.2874 1 2459678.8048032 788120145 1 15.6359068049645 34.8170678316744 0.499557726813824 1.14004552019591 30.3250642256167 66.2536424518352 0.460794367647335 1.0538055550431 0.559311090529057 18.9760000228882 0.0670000016689301 4.8600001335144 0.347000002861023 2458166.882269 2458272.703889 0
 10 787 9 0 ZTF_g 1924325833215 4194304 1.8006 115.628 7.63355 26.2126 3.13066e-05 0.0374225 -0.0728556 4.33695e-05 301 30. 0.091922 0.078688 20.351 26.2126 1 2459678.8258333 787120132 1 21.1414687565618 33.1435629723712 0.709562676117085 1.27129064674286 -11.4744600114389 63.6688530971558 -0.181434729822611 1.06999309278007 0.438649327263071 18.9789998054504 0.0759999975562096 5.01700019836426 0.462999999523163 2458166.884375 2458276.724259 0
 11 787 9 0 ZTF_r 1926237023215 4194304 2.8076 193.036 10.3022 26.2048 2.81181e-05 0.0352821 0.134788 3.74045e-05 305 30. 0.099009 0.089826 19.5838 26.2048 1 2459680.7370255 787120232 1 42.0062261652596 58.0215518664043 0.805339734124979 1.07068996045819 -2.90986838973143 88.5702714165923 -0.0330750541225787 1.09704157699958 0.462397800485168 17.9640001296997 0.0590000003576279 4.32499980926514 0.386999994516373 2458160.745150 2458229.694375 0
 12 788 12 1 ZTF_r 1926239434515 0 2.7357 262.548 10.0444 26.2828 2.2568e-05 0.033651 0.134892 3.17355e-05 329 30. 0.099137 0.08809 19.7324 26.2828 1 2459680.7394329 788120245 1 40.7457698761866 56.8660775265023 0.797047229180956 1.16588451947896 32.9719552364906 88.452589326488 0.37527474893385 1.09910681325943 0.551987440985924 17.8479999542236 0.0610000006854534 4.52099990844727 0.305999994277954 2458182.832801 2458224.749641 0
 13 787 9 0 ZTF_i 1926261213215 0 3.7294 409.448 8.838 25.6717 1.24752e-05 0.0359544 0.191709 3.88278e-05 302 30. 0.125335 0.10493 18.9846 25.6717 2 2459680.7612153 787120332 1 -7.83694436073907 67.2534143069177 -0.129624539681627 0.938397882132092 -103.556936201671 89.8493712986997 -1.16032418055035 1.17137812376991 0.406091475756576 17.3470002746582 0.0659999996423721 4.44299983978271 0.331999987363815 2458174.769132 2458561.945544 0
 14 787 9 0 ZTF_g 1929287513215 4194304 3.5405 157.25 16.849 26.2497 4.84199e-05 0.0381209 -0.0324552 9.43597e-05 181 30. 0.113941 0.100568 17.2892 26.2497 1 2459683.7875116 787120132 1 85.3267234529777 212.937195851789 0.445746908252389 1.08297416187011 25.4365211319298 351.112932061033 0.0729333363340485 1.09821201925604 0.438649327263071 18.9789998054504 0.0759999975562096 5.01700019836426 0.462999999523163 2458166.884375 2458276.724259 0
 15 788 12 1 ZTF_g 1929294424515 0 2.6357 149.286 14.7325 26.3357 3.7779e-05 0.0390071 -0.0482209 7.19278e-05 230 30. 0.100643 0.083055 19.3945 26.3357 1 2459683.7944213 788120145 1 40.5539505654953 73.9827479450273 0.609758004597501 0.98780338694343 211.018452065384 117.291606690927 1.81120950999305 1.09083604308949 0.559311090529057 18.9760000228882 0.0670000016689301 4.8600001335144 0.347000002861023 2458166.882269 2458272.703889 0
 16 787 9 0 ZTF_i 1929322733215 0 2.4559 409.826 10.3926 25.6638 5.9311e-06 0.0255878 0.19092 1.90663e-05 316 30. 0.102001 0.091547 19.1853 25.6638 2 2459683.8227315 787120332 1 22.8755182854705 54.2116883673016 0.469388894835301 1.10627974625868 43.5026195196056 90.584755918538 0.483476626071327 1.09002155161975 0.406091475756576 17.3470002746582 0.0659999996423721 4.44299983978271 0.331999987363815 2458174.769132 2458561.945544 0
 17 788 12 1 ZTF_r 1929360924515 0 1.7658 265.303 15.489 26.2476 2.98092e-05 0.0381552 0.12572 4.203e-05 325 30. 0.090893 0.076547 19.6867 26.2476 1 2459683.8609259 788120245 1 -1.18152537062848 53.7443211743107 -0.0244548650641611 1.56111906005831 25.5158524435717 101.108740973126 0.254060162658528 1.05489161707344 0.551987440985924 17.8479999542236 0.0610000006854534 4.52099990844727 0.305999994277954 2458182.832801 2458224.749641 0
 18 787 9 0 ZTF_r 1929361873215 4194304 1.7497 223.627 20.1171 26.2182 2.22981e-05 0.0311105 0.124855 2.97953e-05 305 30. 0.087333 0.079448 16.6073 26.2182 1 2459683.861875 787120232 1 -8.08327682873768 35.697768723656 -0.251884348286748 1.72293288817397 -26.7786246692259 63.5892398455185 -0.423955063978939 1.06402477423729 0.462397800485168 17.9640001296997 0.0590000003576279 4.32499980926514 0.386999994516373 2458160.745150 2458229.694375 0
 19 788 12 1 ZTF_r 1931238514515 0 1.811 264.959 13.3161 26.3251 2.39425e-05 0.0343266 0.116149 3.37329e-05 327 30. 0.088443 0.079067 19.8037 26.3251 1 2459685.7385185 788120245 1 109.621412755945 57.1233502856961 2.13469840199355 1.27423656995504 -11.8394088151908 107.800422681884 -0.110566801300153 1.0508016257866 0.551987440985924 17.8479999542236 0.0610000006854534 4.52099990844727 0.305999994277954 2458182.832801 2458224.749641 0
 20 787 9 0 ZTF_r 1931239453215 4194304 2.0582 241.704 21.4721 26.2831 2.34659e-05 0.0326935 0.108091 3.15087e-05 312 30. 0.086996 0.073316 16.6017 26.2831 1 2459685.739456 787120232 1 -26.9797909481422 59.0792862775147 -0.507993483545689 1.33272592067608 -88.138195534812 105.271976002418 -0.842881597954653 1.06146997824532 0.462397800485168 17.9640001296997 0.0590000003576279 4.32499980926514 0.386999994516373 2458160.745150 2458229.694375 0
 21 787 9 0 ZTF_g 1931331483215 4194304 2.2562 162.094 20.0751 26.2734 4.98816e-05 0.0399984 -0.0530771 9.28207e-05 190 30. 0.098273 0.089857 17.5182 26.2734 1 2459685.8314815 787120132 1 90.6067813146608 91.956020819461 1.09606253731444 0.971048610044329 72.6327302399446 162.46345830935 0.450082231524304 1.08369943330673 0.438649327263071 18.9789998054504 0.0759999975562096 5.01700019836426 0.462999999523163 2458166.884375 2458276.724259 0
 22 788 12 1 ZTF_g 1931383694515 0 3.1649 138.837 18.6031 26.2895 7.1525e-05 0.0410556 -0.0447633 0.000131711 151 30. 0.116228 0.107219 18.9182 26.2895 1 2459685.8836921 788120145 1 -236.392647905362 116.675677195409 -2.25376399318089 1.0798759889113 -172.782323682152 165.376240050439 -1.05181991391335 1.13481753824259 0.559311090529057 18.9760000228882 0.0670000016689301 4.8600001335144 0.347000002861023 2458166.882269 2458272.703889 0
 23 787 9 0 ZTF_i 1933324983215 0 2.4081 400.542 9.7769 25.6415 7.513e-06 0.0287085 0.184389 2.34777e-05 315 30. 0.100351 0.091971 19.2075 25.6415 2 2459687.8249884 787120332 1 34.0674786253235 52.8102270988934 0.717590628152233 1.10819236017415 60.1208221180953 89.8955556287382 0.673289562434804 1.07736352395131 0.406091475756576 17.3470002746582 0.0659999996423721 4.44299983978271 0.331999987363815 2458174.769132 2458561.945544 0
 24 788 12 1 ZTF_i 1933325924515 0 2.3718 326.382 9.66608 25.6783 5.2717e-06 0.0254605 0.193941 1.67148e-05 331 30. 0.105628 0.087454 19.2501 25.6783 2 2459687.8259259 788120345 1 -68.7523557413894 52.3659592665141 -1.46047228875943 0.954119396054469 -113.535589243738 90.2053706134182 -1.26711145015296 1.05684532940029 0.555405588655895 17.4110004043579 0.0599999986588955 4.40100002288818 0.29899999499321 2458223.733542 2458557.846713 0
 25 787 9 0 ZTF_g 1934187583215 4194304 2.1719 125.021 5.33329 26.2804 3.31716e-05 0.0382743 -0.0877134 4.49029e-05 303 30. 0.117887 0.076112 20.5772 26.2804 1 2459688.687581 787120132 0 -41.7478747408878 27.6909052631496 -1.67707320063193 1.3643540310665 -43.0084201201581 48.6927565607381 -0.889209963912065 1.07502229938245 0.438649327263071 18.9789998054504 0.0759999975562096 5.01700019836426 0.462999999523163 2458166.884375 2458276.724259 0
 26 788 12 1 ZTF_g 1934281054515 0 2.6116 142.194 10.798 26.3369 2.82844e-05 0.0350872 -0.0612279 5.00676e-05 262 30. 0.103736 0.077213 19.6841 26.3369 1 2459688.7810532 788120145 1 -29.5562269686555 58.90763964739 -0.558125894880009 1.08100383702011 -78.8936274227197 94.0004824289602 -0.844942265084373 1.0762213904545 0.559311090529057 18.9760000228882 0.0670000016689301 4.8600001335144 0.347000002861023 2458166.882269 2458272.703889 0
 27 787 9 0 ZTF_r 1934342953215 4194304 2.2497 204.129 28.9253 26.0569 5.33707e-05 0.0483997 0.123532 7.17523e-05 305 30. 0.095568 0.078986 16.7985 26.0569 1 2459688.8429514 787120232 1 -65.8621110572647 60.9028491288101 -1.20296457371613 1.12194965512877 -135.094956551917 107.284374811507 -1.26770397922273 1.06691320887134 0.462397800485168 17.9640001296997 0.0590000003576279 4.32499980926514 0.386999994516373 2458160.745150 2458229.694375 0
 28 788 12 1 ZTF_r 1934343884515 0 2.532 250.229 13.1288 26.1962 2.81043e-05 0.0373614 0.119777 3.95381e-05 325 30. 0.098323 0.083835 19.428 26.1962 1 2459688.8438889 788120245 1 104.102305425097 73.5005449816768 1.57552242580444 0.962889235032298 55.4468878097353 120.328185867348 0.463900667885103 1.0751752761982 0.551987440985924 17.8479999542236 0.0610000006854534 4.52099990844727 0.305999994277954 2458182.832801 2458224.749641 0
 29 787 9 0 ZTF_r 1936240103215 4194304 2.3873 195.174 6.82255 26.243 1.84467e-05 0.0284456 0.108168 2.48183e-05 306 30. 0.096736 0.077417 20.1952 26.243 1 2459690.7401042 787120232 1 -0.846597537858286 38.3726566863026 -0.0245419989997404 1.58764748011779 -28.8748794712344 65.2158806886561 -0.4457404107531 1.06569530936087 0.462397800485168 17.9640001296997 0.0590000003576279 4.32499980926514 0.386999994516373 2458160.745150 2458229.694375 0
 30 787 9 0 ZTF_g 1936279353215 4194304 2.051 119.048 5.28468 26.2154 3.7419e-05 0.0406494 -0.0811725 5.07439e-05 305 30. 0.118408 0.079409 20.6534 26.2154 1 2459690.7793519 787120132 1 -37.8947919396507 27.1152855709765 -1.5546053049074 1.38790051400396 14.0970999040457 48.8832158640062 0.290325512185148 1.08490341201034 0.438649327263071 18.9789998054504 0.0759999975562096 5.01700019836426 0.462999999523163 2458166.884375 2458276.724259 0
 31 788 12 1 ZTF_g 1936283324515 0 2.015 145.131 6.09899 26.307 1.66961e-05 0.028771 -0.0725931 2.38299e-05 323 30. 0.093057 0.074004 20.6318 26.307 1 2459690.7833218 788120145 1 -24.5332917403725 25.1395377911711 -1.08555875888525 1.25293795090268 11.6676740752946 45.3188751589052 0.259191263911636 1.06847624022358 0.559311090529057 18.9760000228882 0.0670000016689301 4.8600001335144 0.347000002861023 2458166.882269 2458272.703889 0
 32 787 9 0 ZTF_i 1936369683215 0 2.2846 388.404 8.72251 25.603 5.3103e-06 0.0240932 0.192932 1.70055e-05 313 30. 0.105593 0.079311 19.3097 25.603 2 2459690.8696875 787120332 1 -36.1818931271575 45.9843287877042 -0.875258296137544 1.28095259573588 122.573864089052 77.8034867755283 1.5860395366597 1.08156684987919 0.406091475756576 17.3470002746582 0.0659999996423721 4.44299983978271 0.331999987363815 2458174.769132 2458561.945544 0
 33 788 12 1 ZTF_i 1936371114515 0 2.3606 317.194 8.48286 25.6575 4.7759e-06 0.0242068 0.189988 1.50476e-05 328 30. 0.10722 0.082993 19.3847 25.6575 2 2459690.8711111 788120345 1 47.8755654971152 44.1003424287269 1.20761015446512 1.05072443523948 60.151757729219 75.0151652060536 0.807261879808062 1.06623158573782 0.555405588655895 17.4110004043579 0.0599999986588955 4.40100002288818 0.29899999499321 2458223.733542 2458557.846713 0
 34 787 9 0 ZTF_g 1940361283215 4194304 2.6491 116.607 8.49273 26.017 3.58941e-05 0.0382461 -0.045977 5.82878e-05 250 30. 0.117272 0.082145 17.4238 26.017 1 2459694.8612847 787120132 1 7.30229449097783 70.5766887090136 0.115094048288734 0.956882092300701 47.9513282580066 123.327837758231 0.391430548773062 1.08442159917198 0.438649327263071 18.9789998054504 0.0759999975562096 5.01700019836426 0.462999999523163 2458166.884375 2458276.724259 0
 35 788 12 1 ZTF_g 1940364614515 0 2.6037 114.684 6.76039 26.0868 3.15025e-05 0.0385814 -0.0473716 4.97041e-05 289 30. 0.10843 0.080098 19.9569 26.0868 1 2459694.8646181 788120145 1 43.4528594434969 40.4981197034411 1.1935436378382 0.939329663628269 45.7147855363818 64.5409611200127 0.713077035862343 1.08620884550268 0.559311090529057 18.9760000228882 0.0670000016689301 4.8600001335144 0.347000002861023 2458166.882269 2458272.703889 0
 36 788 12 1 ZTF_g 1942202094515 0 1.8471 140.191 5.4448 26.3134 1.98113e-05 0.0313793 -0.0869535 2.78785e-05 328 30. 0.083644 0.069136 20.7405 26.3134 1 2459696.7020949 788120145 1 13.1790345799031 22.9175552711445 0.639690809452789 1.34912142346842 22.8576276066183 43.263701165068 0.531891040848822 1.05418752919251 0.559311090529057 18.9760000228882 0.0670000016689301 4.8600001335144 0.347000002861023 2458166.882269 2458272.703889 0
 37 787 9 0 ZTF_g 1942206503215 4194304 1.9373 119.132 5.00302 26.2433 3.64711e-05 0.040348 -0.120126 4.88574e-05 310 30. 0.120643 0.071601 20.7115 26.2433 1 2459696.7065046 787120132 1 -6.07303159187199 22.1089446954869 -0.305557063802062 2.04951709813746 -0.625176755609594 41.6071364212522 -0.0151269087748762 1.05720242948624 0.438649327263071 18.9789998054504 0.0759999975562096 5.01700019836426 0.462999999523163 2458166.884375 2458276.724259 0
 38 787 9 0 ZTF_r 1942238713215 4194304 1.8337 191.517 5.92328 26.2722 2.10984e-05 0.0305111 0.121911 2.81998e-05 309 30. 0.099783 0.076129 20.6652 26.2722 1 2459696.7387153 787120232 1 53.1991283663467 27.4707909228931 2.15421057872403 3.0912338412148 -5.57151270979242 52.7526964724197 -0.10632702294909 1.05224212373392 0.462397800485168 17.9640001296997 0.0590000003576279 4.32499980926514 0.386999994516373 2458160.745150 2458229.694375 0
 39 788 12 1 ZTF_r 1942262044515 0 2.2533 217.187 6.53291 26.0925 3.32618e-05 0.0408379 0.127754 4.67566e-05 330 30. 0.096236 0.077369 20.1737 26.0925 1 2459696.7620486 788120245 1 107.127372391386 31.380765191821 3.7974470289239 1.5317647950882 123.883861226101 54.3764244941691 2.2936084400415 1.05838885305964 0.551987440985924 17.8479999542236 0.0610000006854534 4.52099990844727 0.305999994277954 2458182.832801 2458224.749641 0
 40 787 9 0 ZTF_i 1943339563215 0 2.0136 295.151 6.84969 25.2837 2.90464e-05 0.0567655 0.193534 9.26714e-05 315 30. 0.103441 0.081459 19.4437 25.2837 2 2459697.8395602 787120332 1 -86.8666704071013 30.272194922214 -3.19200869214095 1.82944097077385 -65.6922672399216 55.4815356532703 -1.19201294017324 1.07224779411203 0.406091475756576 17.3470002746582 0.0659999996423721 4.44299983978271 0.331999987363815 2458174.769132 2458561.945544 0
 41 787 9 0 ZTF_g 1945224683215 4194304 1.9277 116.047 5.57958 26.1991 3.68587e-05 0.0405147 -0.0885496 4.97265e-05 306 30. 0.113601 0.081013 20.6129 26.1991 1 2459699.7246875 787120132 1 -23.2656548351215 25.171824547318 -1.02814740998903 1.79646435670716 -31.394543398736 45.7932837365463 -0.690188273822889 1.08480455030758 0.438649327263071 18.9789998054504 0.0759999975562096 5.01700019836426 0.462999999523163 2458166.884375 2458276.724259 0
 42 788 12 1 ZTF_g 1945225624515 0 2.097 137.842 5.73107 26.2881 1.7905e-05 0.0301295 -0.0706557 2.54403e-05 328 30. 0.086455 0.081629 20.6079 26.2881 1 2459699.725625 788120145 1 -7.68430492746869 26.6071229413504 -0.321263565423762 1.41318907767802 -3.9324115127584 47.361834500766 -0.0835883274429275 1.07926695769565 0.559311090529057 18.9760000228882 0.0670000016689301 4.8600001335144 0.347000002861023 2458166.882269 2458272.703889 0
 43 787 9 0 ZTF_r 1945281223215 4194304 1.8548 188.269 7.32693 26.1809 1.9627e-05 0.0295604 0.112333 2.62423e-05 308 30. 0.094601 0.074668 20.3084 26.1809 1 2459699.7812269 787120232 1 28.5650117801342 34.664083153163 0.9166625543022 2.29905755001632 15.892724715638 64.3188972865462 0.248756800971011 1.05950154072409 0.462397800485168 17.9640001296997 0.0590000003576279 4.32499980926514 0.386999994516373 2458160.745150 2458229.694375 0
 44 788 12 1 ZTF_r 1945281714515 0 2.1592 248.883 7.23739 26.2466 2.16454e-05 0.0327264 0.132306 3.03128e-05 329 30. 0.08794 0.088174 20.3521 26.2466 1 2459699.781713 788120245 1 -35.3734943037206 34.0353883793957 -1.15611770808863 2.36864276668218 -16.9055315742392 61.0982874294959 -0.278557583495108 1.06750169225739 0.551987440985924 17.8479999542236 0.0610000006854534 4.52099990844727 0.305999994277954 2458182.832801 2458224.749641 0
 45 787 9 0 ZTF_i 1946226923215 0 2.0425 410.794 6.69718 25.6551 3.9805e-06 0.0211817 0.189561 1.2624e-05 319 30. 0.102487 0.080603 19.7977 25.6551 2 2459700.7269213 787120332 1 34.18150656848 33.4707982450371 1.1360041860263 1.98060245462308 49.6788246721718 61.5735904147128 0.812254313541784 1.06798039325235 0.406091475756576 17.3470002746582 0.0659999996423721 4.44299983978271 0.331999987363815 2458174.769132 2458561.945544 0
 46 787 9 0 ZTF_r 1947222593215 4194304 3.4799 190.732 6.06139 26.1948 3.06074e-05 0.0364497 0.118966 4.06327e-05 304 30. 0.139877 0.090751 19.975 26.1948 1 2459701.7225926 787120232 1 35.1546635286684 46.2559339373275 0.84541566860037 0.992617779892948 98.1962710223369 63.1102649726271 1.5664270875786 1.14445878710198 0.462397800485168 17.9640001296997 0.0590000003576279 4.32499980926514 0.386999994516373 2458160.745150 2458229.694375 0
 47 788 12 1 ZTF_g 1947304284515 0 2.6697 131.174 5.09895 26.2281 2.52165e-05 0.0356835 -0.0636507 3.61898e-05 325 30. 0.104293 0.085869 20.3891 26.2281 1 2459701.8042824 788120145 1 -35.3780241174553 30.9856194252678 -1.27007156320091 1.05554668412275 -5.39803693983587 48.8289993660935 -0.111294376287687 1.08813115638137 0.559311090529057 18.9760000228882 0.0670000016689301 4.8600001335144 0.347000002861023 2458166.882269 2458272.703889 0
 48 788 12 1 ZTF_g 1947345794515 0 3.755 123.658 5.18149 26.178 4.21506e-05 0.0437988 -0.0445243 7.30356e-05 269 30. 0.131118 0.1109 20.0329 26.178 1 2459701.8457986 788120145 1 34.6188483891344 37.7381200106577 1.02043925411797 1.05007071997279 7.63524513539075 49.1341356460555 0.156442539379195 1.15358082508436 0.559311090529057 18.9760000228882 0.0670000016689301 4.8600001335144 0.347000002861023 2458166.882269 2458272.703889 0
 49 787 9 0 ZTF_g 1947367903215 4194304 2.9885 101.09 5.11869 26.0448 6.46696e-05 0.0524451 -0.0683833 0.000101813 266 30. 0.153664 0.090004 20.1089 26.0448 1 2459701.8679051 787120132 1 -4.35588993692979 31.5183483446352 -0.153733405449421 1.0623967874983 -35.0763976045462 46.4182651394072 -0.760748792624548 1.11266541945069 0.438649327263071 18.9789998054504 0.0759999975562096 5.01700019836426 0.462999999523163 2458166.884375 2458276.724259 0
 50 787 9 0 ZTF_r 1953180433215 4194304 3.1857 202.63 7.01169 26.2536 2.30488e-05 0.0321378 0.121082 3.1058e-05 307 30. 0.106667 0.0902 20.0067 26.2536 1 2459707.6804398 787120232 1 -79.4610943189112 44.7151181967241 -1.97676462132069 1.19805949614756 -100.859687150016 66.4393776026564 -1.5282952160266 1.12280941458582 0.462397800485168 17.9640001296997 0.0590000003576279 4.32499980926514 0.386999994516373 2458160.745150 2458229.694375 0
 51 788 12 1 ZTF_r 1953181374515 0 2.634 267.175 7.3965 26.3119 1.94902e-05 0.0313061 0.134903 2.75483e-05 324 30. 0.095617 0.086744 20.0841 26.3119 1 2459707.6813773 788120245 1 26.1149496740218 40.6791191527183 0.714122068055635 1.1145185531123 101.391374758622 64.3306616174895 1.58671229138135 1.09514756933548 0.551987440985924 17.8479999542236 0.0610000006854534 4.52099990844727 0.305999994277954 2458182.832801 2458224.749641 0
 52 787 9 0 ZTF_r 1953193423215 4194304 2.7286 201.284 7.00482 26.2629 1.93203e-05 0.029237 0.116507 2.60207e-05 305 30. 0.10411 0.080115 20.1592 26.2629 1 2459707.6934259 787120232 1 -23.7755934572554 39.2480240975875 -0.673857970524205 1.33419218622579 -37.8494492871839 64.3330093338289 -0.592298850937801 1.08774165269779 0.462397800485168 17.9640001296997 0.0590000003576279 4.32499980926514 0.386999994516373 2458160.745150 2458229.694375 0
 53 788 12 1 ZTF_r 1953221094515 0 2.9831 265.437 7.27627 26.307 1.87726e-05 0.0307732 0.130163 2.65333e-05 325 30. 0.098131 0.087742 19.9904 26.307 1 2459707.7210995 788120245 1 -24.5480122826823 45.0904562027978 -0.605600888556137 1.07852099117336 36.6844276929847 67.8303026674566 0.544469034808701 1.10101615154723 0.551987440985924 17.8479999542236 0.0610000006854534 4.52099990844727 0.305999994277954 2458182.832801 2458224.749641 0
 54 788 12 1 ZTF_r 1954177104515 0 4.0267 261.976 8.37748 26.2948 2.69394e-05 0.0362594 0.13096 3.75674e-05 325 30. 0.114458 0.101044 19.5992 26.2948 2 2459708.6771065 788120245 1 76.6674312677881 62.6541455083922 1.36118107484644 1.10820683670967 74.2123916668895 79.8668284847759 0.935459912607031 1.21574283660067 0.551987440985924 17.8479999542236 0.0610000006854534 4.52099990844727 0.305999994277954 2458182.832801 2458224.749641 0
 55 787 9 0 ZTF_r 1955181133215 4194304 2.6022 585.355 17.0427 26.2439 1.74428e-05 0.0278299 0.126476 2.34387e-05 306 30. 0.08865 0.078362 16.5649 26.2439 1 2459709.6811343 787120232 1 55.3126558478641 38.6085180552799 1.59366186610818 1.4602968078535 121.771244106981 67.621656833712 1.8129011648384 1.06991640628249 0.462397800485168 17.9640001296997 0.0590000003576279 4.32499980926514 0.386999994516373 2458160.745150 2458229.694375 0
 56 788 12 1 ZTF_r 1955193484515 0 1.9883 263.109 9.30857 26.3146 1.78934e-05 0.0298194 0.120795 2.51601e-05 327 30. 0.088865 0.076401 20.0805 26.3146 1 2459709.6934838 788120245 1 58.2395559346838 44.584344615174 1.45308315785188 1.29789789827445 135.183396312124 80.8979008419106 1.68229166452666 1.05806456658513 0.551987440985924 17.8479999542236 0.0610000006854534 4.52099990844727 0.305999994277954 2458182.832801 2458224.749641 0
 57 787 9 0 ZTF_r 1955249743215 4194304 2.067 193.904 9.91327 26.2058 1.96084e-05 0.0291488 0.129108 2.62064e-05 305 30. 0.087854 0.087045 20.0293 26.2058 1 2459709.7497454 787120232 1 89.0189094822211 45.4469260668824 2.17887620957762 2.08313368986178 98.5550093796593 84.9778451130393 1.16758412626493 1.06113761475601 0.462397800485168 17.9640001296997 0.0590000003576279 4.32499980926514 0.386999994516373 2458160.745150 2458229.694375 0
 58 788 12 1 ZTF_r 1955264354515 0 1.997 248.869 10.5117 26.2479 1.99108e-05 0.0314898 0.116469 2.8128e-05 325 30. 0.092253 0.085667 19.9094 26.2479 1 2459709.7643519 788120245 1 -40.1391055641525 45.5922068269584 -0.979336357139382 1.59050396074446 -107.553176015474 81.7241996552254 -1.32491420290192 1.06509308301859 0.551987440985924 17.8479999542236 0.0610000006854534 4.52099990844727 0.305999994277954 2458182.832801 2458224.749641 0
 59 787 9 0 ZTF_g 1957180703215 4194304 2.307 121.245 11.4877 26.2345 3.58534e-05 0.0378271 -0.0502379 5.84552e-05 248 30. 0.086717 0.089151 19.7725 26.2345 1 2459711.680706 787120132 1 -9.15138325149974 57.7097135367628 -0.176397581379819 1.07301509727091 51.8863915125648 103.049103657749 0.506902510459177 1.08246951952789 0.438649327263071 18.9789998054504 0.0759999975562096 5.01700019836426 0.462999999523163 2458166.884375 2458276.724259 0
 60 788 12 1 ZTF_g 1957185424515 0 1.8726 147.88 12.2364 26.3003 3.07551e-05 0.0377491 -0.0616362 4.88931e-05 287 30. 0.094378 0.079124 19.8862 26.3003 1 2459711.6854282 788120145 1 -32.0344717718205 50.6347838795175 -0.703758101824121 1.22005580095756 -80.2721540141897 93.8840849254752 -0.860772000430905 1.06523780066968 0.559311090529057 18.9760000228882 0.0670000016689301 4.8600001335144 0.347000002861023 2458166.882269 2458272.703889 0
 61 787 9 0 ZTF_r 1957282243215 4194304 3.4856 190.541 11.6556 26.2145 3.82441e-05 0.0400726 0.125217 5.17521e-05 292 30. 0.119231 0.098122 19.2734 26.2145 1 2459711.7822454 787120232 1 118.98534269839 77.8278284345792 1.70064377612293 2.42605688536803 151.049892006713 105.086351135351 1.44706919668529 1.1391562010305 0.462397800485168 17.9640001296997 0.0590000003576279 4.32499980926514 0.386999994516373 2458160.745150 2458229.694375 0
 62 788 12 1 ZTF_r 1957283184515 33554440 4.7914 260.745 13.4169 26.2305 7.44775e-05 0.051926 0.130075 0.000108809 232 30. 0.14539 0.115891 18.9021 26.2305 1 2459711.7831829 788120245 1 238.977334048127 105.824925113216 2.5120226054116 1.06897138840701 239.306426771938 125.500215127841 1.91966339722454 1.3280178376138 0.551987440985924 17.8479999542236 0.0610000006854534 4.52099990844727 0.305999994277954 2458182.832801 2458224.749641 0
 63 787 9 0 ZTF_g 1959183923215 4194304 2.2338 118.841 13.3841 26.2322 3.74117e-05 0.0376774 -0.0426597 6.53695e-05 221 30. 0.094442 0.090166 19.4769 26.2322 1 2459713.6839236 787120132 1 -33.4917189818637 65.8900734093237 -0.565421408631329 1.13898751674264 -153.708610407226 113.99346262213 -1.35748000966407 1.07489157008059 0.438649327263071 18.9789998054504 0.0759999975562096 5.01700019836426 0.462999999523163 2458166.884375 2458276.724259 0
 64 788 12 1 ZTF_g 1959204714515 0 2.0348 139.04 13.5658 26.2543 5.08513e-05 0.0461055 -0.0394969 9.24674e-05 246 30. 0.102389 0.083926 19.5754 26.2543 1 2459713.7047106 788120145 1 -9.94193914033334 57.9792157452144 -0.190745176637351 1.3194030933338 -23.3655490260199 102.179713393153 -0.230211228451353 1.07699339895687 0.559311090529057 18.9760000228882 0.0670000016689301 4.8600001335144 0.347000002861023 2458166.882269 2458272.703889 0
 65 788 12 1 ZTF_r 1959229604515 0 2.0047 255.162 12.87 26.2682 2.66869e-05 0.0362383 0.124439 3.74771e-05 327 30. 0.093866 0.089527 19.6693 26.2682 1 2459713.7296065 788120245 1 134.657889757583 58.1134951315598 2.5775649011738 1.15272467730561 298.966324157906 104.775543796191 2.8726157712679 1.05657914412604 0.551987440985924 17.8479999542236 0.0610000006854534 4.52099990844727 0.305999994277954 2458182.832801 2458224.749641 0
 66 787 9 0 ZTF_r 1959244363215 4194304 2.5225 193.484 12.6723 26.2015 2.51051e-05 0.0328653 0.125673 3.33335e-05 304 30. 0.087984 0.089269 19.637 26.2015 1 2459713.7443634 787120232 1 -16.4464421155916 56.3282937559517 -0.324788142718749 1.6346795706786 -75.3554719337976 102.530397501643 -0.739907356465929 1.06915646460965 0.462397800485168 17.9640001296997 0.0590000003576279 4.32499980926514 0.386999994516373 2458160.745150 2458229.694375 0
 67 788 12 1 ZTF_i 1959366504515 0 1.9348 274.869 13.6868 25.5084 1.09453e-05 0.0361768 0.174632 3.4291e-05 323 30. 0.119468 0.08499 18.865 25.5084 2 2459713.8665046 788120345 1 -138.795560476201 58.2384975483086 -2.6510640084429 1.11953119505748 -48.7577831742932 111.04661872502 -0.442032096184725 1.0422368531397 0.555405588655895 17.4110004043579 0.0599999986588955 4.40100002288818 0.29899999499321 2458223.733542 2458557.846713 0
 68 787 9 0 ZTF_g 1961241643215 4194304 1.9985 301.131 13.5687 26.2471 3.06558e-05 0.0343387 -0.0373432 5.36686e-05 225 30. 0.09008 0.08482 17.4518 26.2471 1 2459715.7416435 787120132 1 50.6082011248778 54.3527579509566 1.03574802967698 0.976587922843064 -17.0840924514361 95.6911044055041 -0.179736192866418 1.09173403932163 0.438649327263071 18.9789998054504 0.0759999975562096 5.01700019836426 0.462999999523163 2458166.884375 2458276.724259 0
 69 788 12 1 ZTF_g 1961243544515 0 2.2077 142.111 13.0285 26.3113 3.81904e-05 0.0406828 -0.0419652 6.85584e-05 252 30. 0.103344 0.081726 19.6319 26.3113 1 2459715.7435417 788120145 1 -72.6454688278533 63.6934437049554 -1.26872822481469 1.07976053512447 -24.0522127156705 108.862272322156 -0.222429729194844 1.07813708370271 0.559311090529057 18.9760000228882 0.0670000016689301 4.8600001335144 0.347000002861023 2458166.882269 2458272.703889 0
 70 787 9 0 ZTF_i 1961310323215 0 1.7549 409.659 11.5351 25.6579 7.4581e-06 0.0288364 0.180283 2.4583e-05 316 30. 0.099411 0.089442 19.2893 25.6579 2 2459715.8103241 787120332 1 21.9902652011183 54.7468243669494 0.446813550422476 1.57001441048023 -42.1390048740345 100.422849299854 -0.422441842589568 1.0713085052004 0.406091475756576 17.3470002746582 0.0659999996423721 4.44299983978271 0.331999987363815 2458174.769132 2458561.945544 0
 71 787 9 0 ZTF_r 1964229683215 4194304 1.926 188.551 6.74218 26.1809 1.77609e-05 0.0278086 0.115089 2.38078e-05 301 30. 0.099657 0.072343 20.4397 26.1809 1 2459718.7296875 787120232 1 -22.0626483443388 27.5470704833021 -0.89091654401288 3.28453340600253 12.2629315543809 52.9390695063634 0.233202495228262 1.0599730584544 0.462397800485168 17.9640001296997 0.0590000003576279 4.32499980926514 0.386999994516373 2458160.745150 2458229.694375 0
 72 787 9 0 ZTF_r 1964243763215 4194304 1.6058 188.837 7.44717 26.1741 1.95988e-05 0.0297945 0.112358 2.66071e-05 304 30. 0.100915 0.074434 20.423 26.1741 1 2459718.7437616 787120232 1 -13.163134763461 29.413956829476 -0.497806631824531 3.42515139235937 -29.8833598358528 57.1536164637487 -0.526381843269108 1.05509787262543 0.462397800485168 17.9640001296997 0.0590000003576279 4.32499980926514 0.386999994516373 2458160.745150 2458229.694375 0
 73 787 9 0 ZTF_g 1968262253215 4194304 2.3171 113.569 5.70538 26.1609 3.116e-05 0.0374204 -0.0696322 4.276e-05 301 30. 0.126155 0.081385 20.4203 26.1609 1 2459722.7622569 787120132 1 29.7298595546024 30.4826298957884 1.08491378030876 1.4096345844673 90.8079788064699 52.0767544711732 1.75547759641905 1.09570368530395 0.438649327263071 18.9789998054504 0.0759999975562096 5.01700019836426 0.462999999523163 2458166.884375 2458276.724259 0
 74 788 12 1 ZTF_g 1968286034515 0 2.5264 127.681 6.51686 26.2053 2.35504e-05 0.0346034 -0.0538507 3.43324e-05 321 30. 0.096733 0.090495 20.318 26.2053 1 2459722.7860301 788120145 1 17.8883362629645 30.9866151892852 0.642170886320892 1.2281868400029 60.4697158611633 54.3586976645579 1.11991246096942 1.07091415200091 0.559311090529057 18.9760000228882 0.0670000016689301 4.8600001335144 0.347000002861023 2458166.882269 2458272.703889 0
 75 787 9 0 ZTF_g 1970203663215 4194304 2.3429 111.933 5.81339 26.15 3.69337e-05 0.0399665 -0.0767533 5.20735e-05 288 30. 0.12142 0.082375 20.3166 26.15 1 2459724.703669 787120132 1 -30.9407616937673 32.556645359787 -1.05717322003824 1.26372522189649 -60.4153985710319 54.9572081852946 -1.10672106107233 1.09496673915789 0.438649327263071 18.9789998054504 0.0759999975562096 5.01700019836426 0.462999999523163 2458166.884375 2458276.724259 0
 76 788 12 1 ZTF_g 1970219894515 0 2.1225 131.231 5.96499 26.2313 1.82128e-05 0.0303489 -0.061693 2.61022e-05 325 30. 0.093533 0.081547 20.509 26.2313 1 2459724.7198958 788120145 1 27.5298159349111 29.4877955653876 1.03852224096021 1.30291607083813 16.7546214325734 53.3871067743988 0.315946410866116 1.06770906608907 0.559311090529057 18.9760000228882 0.0670000016689301 4.8600001335144 0.347000002861023 2458166.882269 2458272.703889 0
 77 787 9 0 ZTF_r 1970259383215 4194304 1.7973 183.004 7.10473 26.2075 2.02682e-05 0.0301929 0.112384 2.73787e-05 306 30. 0.101438 0.071932 20.3777 26.2075 1 2459724.7593866 787120232 1 31.7312726420647 33.7897423849529 1.04461777405664 2.25836980421414 83.5953968522969 64.3445988289594 1.30793288312295 1.05186147043396 0.462397800485168 17.9640001296997 0.0590000003576279 4.32499980926514 0.386999994516373 2458160.745150 2458229.694375 0
 78 788 12 1 ZTF_r 1970263184515 0 1.8243 243.801 7.27304 26.2294 1.67868e-05 0.0290768 0.126913 2.37089e-05 327 30. 0.089629 0.076705 20.364 26.2294 1 2459724.7631829 788120245 1 36.2866548725747 34.8792671007406 1.15726917239139 1.69145651769876 100.653327839418 64.4705541321092 1.57174442127261 1.0546931606658 0.551987440985924 17.8479999542236 0.0610000006854534 4.52099990844727 0.305999994277954 2458182.832801 2458224.749641 0
 79 787 9 0 ZTF_g 1972244603215 4194304 1.8395 120.197 5.8282 26.2194 3.59048e-05 0.0399847 -0.0848595 4.8242e-05 301 30. 0.119892 0.079742 20.6626 26.2194 1 2459726.7446065 787120132 1 -7.29399282158405 27.888898083825 -0.290930181189082 1.71228222625988 56.5523763843063 51.3965644866321 1.1077250096706 1.08595364677677 0.438649327263071 18.9789998054504 0.0759999975562096 5.01700019836426 0.462999999523163 2458166.884375 2458276.724259 0
 80 788 12 1 ZTF_g 1972245094515 0 1.9187 141.99 5.85775 26.3026 1.57197e-05 0.028207 -0.0553054 2.21876e-05 324 30. 0.09579 0.081651 20.6161 26.3026 1 2459726.7450926 788120145 1 11.0950289898772 26.2556486716859 0.470067786236139 1.63884154113152 41.3096619363666 46.9996553335852 0.884855103533869 1.07334745638822 0.559311090529057 18.9760000228882 0.0670000016689301 4.8600001335144 0.347000002861023 2458166.882269 2458272.703889 0
 81 787 9 0 ZTF_i 1973203113215 33554432 1.5846 163.591 8.72292 24.645 2.01504e-05 0.0447515 0.18395 5.91653e-05 283 30. 0.117312 0.097347 18.5906 24.645 2 2459727.7031134 787120332 1 -91.230353349947 42.3452447414362 -2.39656664598729 0.973873208609974 -153.218954688029 77.7055148251586 -1.9850700881445 1.08044807021107 0.406091475756576 17.3470002746582 0.0659999996423721 4.44299983978271 0.331999987363815 2458174.769132 2458561.945544 0
 82 787 9 0 ZTF_g 1977199023215 4194304 3.0033 117.332 5.83108 26.2067 3.51891e-05 0.0392596 -0.0678174 4.88929e-05 293 30. 0.121075 0.092732 20.337 26.2067 1 2459731.6990278 787120132 1 8.66970850313412 35.5001024529466 0.271662498331522 1.0989592621748 34.8595683168286 57.8691109674721 0.606443557337711 1.10612692967418 0.438649327263071 18.9789998054504 0.0759999975562096 5.01700019836426 0.462999999523163 2458166.884375 2458276.724259 0
 83 788 12 1 ZTF_g 1977220324515 0 2.5416 138.223 6.27054 26.281 2.07058e-05 0.0320069 -0.0525043 3.07362e-05 312 30. 0.106267 0.087816 20.2925 26.281 1 2459731.7203241 788120145 1 43.8378479206219 32.7340113111791 1.48972051550977 1.19984829167671 52.2894523749667 52.7227331801221 0.998461606027441 1.09204765284974 0.559311090529057 18.9760000228882 0.0670000016689301 4.8600001335144 0.347000002861023 2458166.882269 2458272.703889 0
 84 787 9 0 ZTF_r 1977286843215 4194304 2.3899 188.409 8.03965 26.1856 2.25964e-05 0.0317282 0.119368 3.04548e-05 305 30. 0.107378 0.084384 19.9524 26.1856 1 2459731.7868403 787120232 1 23.200913591948 46.6621692695807 0.553088925842147 1.33811889028094 -135.163912588842 78.1593473818661 -1.74098497332569 1.07263146877486 0.462397800485168 17.9640001296997 0.0590000003576279 4.32499980926514 0.386999994516373 2458160.745150 2458229.694375 0
 85 788 12 1 ZTF_r 1977288724515 0 2.4751 247.759 8.09589 26.229 2.18071e-05 0.0329148 0.134536 3.08997e-05 324 30. 0.105826 0.092367 19.9506 26.229 1 2459731.7887269 788120245 1 71.3609007172523 45.1027469857693 1.75999782349838 1.16669452142627 32.1850946739973 73.6163173769134 0.440145123974303 1.0735010092727 0.551987440985924 17.8479999542236 0.0610000006854534 4.52099990844727 0.305999994277954 2458182.832801 2458224.749641 0
 86 788 12 1 ZTF_r 1979221374515 0 2.0183 259.716 7.2555 26.2949 1.7061e-05 0.0290025 0.131765 2.3941e-05 325 30. 0.0906 0.076775 20.3472 26.2949 1 2459733.7213773 788120245 1 20.3745103283901 31.8326694690172 0.711981847577827 1.87988200557999 22.6789519185696 57.651483817318 0.396029632765743 1.0556281902264 0.551987440985924 17.8479999542236 0.0610000006854534 4.52099990844727 0.305999994277954 2458182.832801 2458224.749641 0
 87 788 12 1 ZTF_r 1982200944515 0 1.7732 264.092 7.96419 26.3194 2.27655e-05 0.0339044 0.12432 3.22696e-05 329 30. 0.086806 0.075677 20.3662 26.3194 1 2459736.7009491 788120245 1 85.3450658124576 35.0746510273086 2.70669836114216 1.95254713669333 288.904301244363 65.9836877314514 4.40790895954565 1.0538417740251 0.551987440985924 17.8479999542236 0.0610000006854534 4.52099990844727 0.305999994277954 2458182.832801 2458224.749641 0
 88 788 12 1 ZTF_g 1982239784515 0 2.4842 140.256 7.75323 26.2946 2.60184e-05 0.0356385 -0.0460314 3.97361e-05 300 30. 0.106006 0.081167 20.0687 26.2946 1 2459736.7397801 788120145 1 -43.5658856408858 41.3616577267189 -1.1716648783701 1.08678831278561 -220.92107908652 67.4806016498062 -3.29589526215318 1.08356426707998 0.559311090529057 18.9760000228882 0.0670000016689301 4.8600001335144 0.347000002861023 2458166.882269 2458272.703889 0
 89 788 12 1 ZTF_g 1984201724515 0 3.363 135.817 9.324 26.2768 4.00635e-05 0.0394764 -0.0487907 7.46476e-05 221 30. 0.113294 0.102957 19.6028 26.2768 1 2459738.7017245 788120145 1 -48.68886324931 59.56984431612 -0.909196951940658 0.999930787093425 -43.0226943470903 82.4996146795676 -0.525001902579211 1.13729505206144 0.559311090529057 18.9760000228882 0.0670000016689301 4.8600001335144 0.347000002861023 2458166.882269 2458272.703889 0
 90 788 12 1 ZTF_r 1984242024515 0 2.2557 242.938 9.88405 26.2108 2.10999e-05 0.0326736 0.131894 2.99394e-05 327 30. 0.103115 0.084359 19.8869 26.2108 1 2459738.7420255 788120245 1 73.020120280017 48.7910206633769 1.6647822694734 1.29299777450194 98.5279246991761 84.3832348779241 1.17548842592156 1.06876695724657 0.551987440985924 17.8479999542236 0.0610000006854534 4.52099990844727 0.305999994277954 2458182.832801 2458224.749641 0
 91 787 9 0 ZTF_i 1985221633215 0 1.6389 399.699 9.89361 25.6256 6.9125e-06 0.0278061 0.190057 2.29835e-05 319 30. 0.099429 0.079697 19.5021 25.6256 2 2459739.7216319 787120332 1 -34.4746539359782 46.3149342873883 -0.828006343915022 1.96118386658969 57.743273268569 88.8676216466036 0.654143505352924 1.06197706479448 0.406091475756576 17.3470002746582 0.0659999996423721 4.44299983978271 0.331999987363815 2458174.769132 2458561.945544 0
 92 787 9 0 ZTF_r 1985240123215 4194304 1.9365 188.533 10.3003 26.2106 1.70088e-05 0.0277044 0.111348 2.30355e-05 309 30. 0.103696 0.073639 19.902 26.2106 1 2459739.7401273 787120232 1 -29.6356520293147 43.1701849130277 -0.763634215148727 1.92229583934031 19.8920243401483 83.2520732336744 0.240546541253759 1.04491075702515 0.462397800485168 17.9640001296997 0.0590000003576279 4.32499980926514 0.386999994516373 2458160.745150 2458229.694375 0
 93 788 12 1 ZTF_r 1986201234515 0 1.9152 250.367 10.7799 26.2816 2.16367e-05 0.03287 0.128961 3.06436e-05 324 30. 0.096667 0.083907 19.9215 26.2816 1 2459740.7012384 788120245 1 32.2855521584677 50.6710969221802 0.708765734689667 1.44297813814463 154.98555155562 91.5191196028123 1.70488296696456 1.05953979890789 0.551987440985924 17.8479999542236 0.0610000006854534 4.52099990844727 0.305999994277954 2458182.832801 2458224.749641 0
 94 788 12 1 ZTF_g 1986261754515 0 1.9552 126.368 11.8976 26.1733 2.93963e-05 0.0362913 -0.0288882 5.18265e-05 263 30. 0.106226 0.084671 19.6912 26.1733 1 2459740.7617593 788120145 1 -75.7630449055172 54.5975348312862 -1.54361570190783 1.07821542300809 56.4248959325021 99.7158814544733 0.569667740227957 1.064768767123 0.559311090529057 18.9760000228882 0.0670000016689301 4.8600001335144 0.347000002861023 2458166.882269 2458272.703889 0
 95 788 12 1 ZTF_i 1986286974515 0 1.8614 265.155 14.1529 25.4858 1.40833e-05 0.041028 0.183178 4.33892e-05 322 30. 0.115997 0.089351 18.828 25.4858 2 2459740.7869792 788120345 1 84.0550141673483 64.3176048627164 1.45374610295976 1.26140287659884 130.456114920557 122.290985007503 1.07395278852541 1.04047641157454 0.555405588655895 17.4110004043579 0.0599999986588955 4.40100002288818 0.29899999499321 2458223.733542 2458557.846713 0
 96 788 12 1 ZTF_r 1988247264515 0 2.6185 245.275 13.0223 26.2256 2.7263e-05 0.0370626 0.127515 3.86151e-05 327 30. 0.108311 0.0886 19.432 26.2256 1 2459742.7472685 788120245 1 6.48336855687431 67.5411498207185 0.106779298094914 1.09280344124874 19.073617809626 110.233612322048 0.174194416008738 1.0763832403708 0.551987440985924 17.8479999542236 0.0610000006854534 4.52099990844727 0.305999994277954 2458182.832801 2458224.749641 0
 97 788 12 1 ZTF_g 1988299424515 0 2.8537 115.157 15.9929 26.0947 4.49206e-05 0.0367321 -0.0256546 8.41773e-05 175 30. 0.131562 0.092928 18.9591 26.0947 1 2459742.7994213 788120145 1 9.12250716679538 87.48722304009 0.115991024035062 1.14697430494919 -185.340032543148 132.22646811439 -1.41112676596964 1.08662714868716 0.559311090529057 18.9760000228882 0.0670000016689301 4.8600001335144 0.347000002861023 2458166.882269 2458272.703889 0
 98 787 9 0 ZTF_i 1989247323215 0 2.3595 406.761 10.6107 25.6622 6.6479e-06 0.0271685 0.180726 2.18977e-05 315 30. 0.101179 0.080873 19.2891 25.6622 2 2459743.7473264 787120332 1 -15.661644965214 50.9467795533458 -0.341960102977177 1.42923181329984 -114.504816217945 92.2690725025188 -1.24934617436466 1.06831443295999 0.406091475756576 17.3470002746582 0.0659999996423721 4.44299983978271 0.331999987363815 2458174.769132 2458561.945544 0
 99 787 9 0 ZTF_i 1994201773215 0 3.0657 411.96 7.02947 25.6657 7.1656e-06 0.0283256 0.196327 2.26823e-05 317 30. 0.127064 0.093697 19.4025 25.6657 2 2459748.7017708 787120332 1 -47.0909852609959 46.4429411730083 -1.12790588563451 1.2214472855906 -67.4555624022594 68.5346708606612 -0.9908835724061 1.13326640297015 0.406091475756576 17.3470002746582 0.0659999996423721 4.44299983978271 0.331999987363815 2458174.769132 2458561.945544 0
 100 787 9 0 ZTF_i 1998240203215 0 2.1317 347.467 7.6359 25.4901 5.7041e-06 0.0253221 0.198012 1.86268e-05 319 30. 0.109032 0.091334 19.4534 25.4901 2 2459752.7402083 787120332 1 -73.2655215527941 36.7009339934942 -2.22063576409848 1.56569496711305 -173.633947734039 65.7608931484681 -2.65816618346999 1.07191552420427 0.406091475756576 17.3470002746582 0.0659999996423721 4.44299983978271 0.331999987363815 2458174.769132 2458561.945544 0
 101 787 9 0 ZTF_g 2015182363215 4194304 2.1711 286.387 12.8032 26.1944 3.12037e-05 0.0349437 -0.0423651 5.48868e-05 234 30. 0.099547 0.081765 17.4965 26.1944 2 2459769.6823611 787120132 1 9.06585287610762 54.8310671335262 0.183923308104725 1.09233147057335 -15.8098165820573 97.1629942568436 -0.163810272913988 1.08675482685718 0.438649327263071 18.9789998054504 0.0759999975562096 5.01700019836426 0.462999999523163 2458166.884375 2458276.724259 0
 102 787 9 0 ZTF_g 2015183293215 4194304 2.2995 114.575 11.3054 26.1802 3.56682e-05 0.0383326 -0.0274683 6.05473e-05 242 30. 0.099753 0.080737 19.7502 26.1802 2 2459769.6832986 787120132 1 -20.7623753736807 52.0250997811667 -0.443934521157541 1.04080868591229 31.4606111735202 91.9325284737339 0.344518971964384 1.08994471708853 0.438649327263071 18.9789998054504 0.0759999975562096 5.01700019836426 0.462999999523163 2458166.884375 2458276.724259 0
 103 787 9 0 ZTF_g 2015184243215 4194304 1.9314 113.607 11.5661 26.1735 3.5679e-05 0.0387847 -0.0335958 5.95446e-05 253 30. 0.100887 0.078645 19.7453 26.1735 2 2459769.6842477 787120132 1 10.3839744121238 53.6901784679471 0.215141188173895 1.22551163500017 47.9579749266925 96.7353926559881 0.499103516525528 1.08719678765037 0.438649327263071 18.9789998054504 0.0759999975562096 5.01700019836426 0.462999999523163 2458166.884375 2458276.724259 0
 104 787 9 0 ZTF_g 2015185183215 4194304 2.0027 113.461 11.627 26.1713 3.83134e-05 0.0395907 -0.0310849 6.48599e-05 239 30. 0.094916 0.072671 19.7132 26.1713 2 2459769.6851852 787120132 1 41.2273342617879 56.3228353177015 0.814245835974402 1.15604157123164 95.0076102173629 100.415666699851 0.952515629103254 1.09198373945295 0.438649327263071 18.9789998054504 0.0759999975562096 5.01700019836426 0.462999999523163 2458166.884375 2458276.724259 0
 105 787 9 0 ZTF_g 2015186133215 4194304 2.1102 113.068 11.5506 26.1678 3.39681e-05 0.0369933 -0.0211502 5.81824e-05 239 30. 0.104308 0.08211 19.6619 26.1678 2 2459769.6861343 787120132 1 74.5030061109053 59.662689139191 1.3890752501148 1.05058455479386 55.8138525085781 103.931689945287 0.540641281268963 1.09180556873432 0.438649327263071 18.9789998054504 0.0759999975562096 5.01700019836426 0.462999999523163 2458166.884375 2458276.724259 0
 106 787 9 0 ZTF_r 2022185713215 4194304 1.8162 179.758 9.68584 26.1231 1.91305e-05 0.0292179 0.125615 2.59498e-05 304 30. 0.10741 0.087155 19.9201 26.1231 2 2459776.6857176 787120232 1 -14.8917538621998 44.8976932686793 -0.368957736990216 2.00657444133906 -148.201072639755 85.7311906764195 -1.74031428017663 1.04783011384223 0.462397800485168 17.9640001296997 0.0590000003576279 4.32499980926514 0.386999994516373 2458160.745150 2458229.694375 0
 107 787 9 0 ZTF_r 2024178703215 4194304 1.9992 173.814 10.6805 26.0987 2.27512e-05 0.0321188 0.114735 3.09467e-05 306 30. 0.102955 0.089553 19.6966 26.0987 2 2459778.6787037 787120232 1 91.3943243297677 47.2696206042906 2.15075980273577 1.43828281271895 28.7388300535959 87.0367272303532 0.332415850735285 1.05349937104192 0.462397800485168 17.9640001296997 0.0590000003576279 4.32499980926514 0.386999994516373 2458160.745150 2458229.694375 0
 108 787 9 0 ZTF_r 2024179653215 4194304 2.0815 171.775 9.9531 26.1008 2.40637e-05 0.0326569 0.124999 3.23211e-05 302 30. 0.107854 0.086617 19.7486 26.1008 2 2459778.6796528 787120232 1 34.039017465898 43.7823555779264 0.864833876424799 1.71842281633454 32.5581466916385 79.5267090526854 0.41215621862489 1.05841769480483 0.462397800485168 17.9640001296997 0.0590000003576279 4.32499980926514 0.386999994516373 2458160.745150 2458229.694375 0
 109 787 9 0 ZTF_r 2024180593215 4194304 1.9624 173.634 9.88615 26.1044 2.46726e-05 0.0331762 0.121884 3.33006e-05 304 30. 0.102802 0.08115 19.814 26.1044 2 2459778.6805903 787120232 1 -32.8716636861893 43.9735725014491 -0.831543046074427 1.32963914215969 -17.4370828476705 82.3826271231962 -0.213085248879466 1.05285148654981 0.462397800485168 17.9640001296997 0.0590000003576279 4.32499980926514 0.386999994516373 2458160.745150 2458229.694375 0
 110 787 9 0 ZTF_r 2024181533215 4194304 1.8419 171.681 9.98515 26.0921 2.30768e-05 0.0318139 0.12129 3.09586e-05 302 30. 0.099424 0.086174 19.8378 26.0921 2 2459778.6815394 787120232 1 90.2147190211364 44.502648826599 2.25499893279593 1.66027846919978 255.827845411483 85.2340879471456 3.02168846845725 1.04851855463427 0.462397800485168 17.9640001296997 0.0590000003576279 4.32499980926514 0.386999994516373 2458160.745150 2458229.694375 0
 111 787 9 0 ZTF_r 2024182483215 4194304 1.8617 172.04 9.93402 26.0916 1.83322e-05 0.0289834 0.125149 2.50078e-05 306 30. 0.099715 0.079929 19.8342 26.0916 2 2459778.6824884 787120232 1 -38.3727117478755 46.3008619975128 -0.92190934211211 1.41954772187838 -25.7097793955939 88.4356409121845 -0.292675396164477 1.04928923603925 0.462397800485168 17.9640001296997 0.0590000003576279 4.32499980926514 0.386999994516373 2458160.745150 2458229.694375 0
 112 787 9 0 ZTF_r 2025180023215 4194304 2.4433 172.844 10.2749 26.102 3.35496e-05 0.0387073 0.127098 4.52657e-05 304 30. 0.109049 0.09715 19.5838 26.102 2 2459779.6800231 787120232 1 8.75009908553852 53.1712953915131 0.183058766261896 1.10177813680408 18.1254847243819 88.6821634698212 0.205763596566501 1.06632458977763 0.462397800485168 17.9640001296997 0.0590000003576279 4.32499980926514 0.386999994516373 2458160.745150 2458229.694375 0
 113 787 9 0 ZTF_r 2025180973215 4194304 2.3845 173.168 10.191 26.0986 2.2928e-05 0.0319846 0.119512 3.10592e-05 303 30. 0.114562 0.087265 19.6038 26.0986 2 2459779.6809722 787120232 1 33.5740381488732 58.0773906195431 0.643059687462435 0.98850265675095 8.54351356560064 98.7782881058612 0.0870743438254106 1.06137585278941 0.462397800485168 17.9640001296997 0.0590000003576279 4.32499980926514 0.386999994516373 2458160.745150 2458229.694375 0
 114 787 9 0 ZTF_r 2025181903215 4194304 2.1938 172.474 10.203 26.0868 3.11494e-05 0.0374623 0.129264 4.23464e-05 305 30. 0.110917 0.086359 19.6516 26.0868 2 2459779.6819097 787120232 1 28.2058785513288 48.3377985469374 0.64909395605873 1.29696554727668 88.3160916439738 85.1987476986917 1.04357056886435 1.05788477589302 0.462397800485168 17.9640001296997 0.0590000003576279 4.32499980926514 0.386999994516373 2458160.745150 2458229.694375 0
 115 787 9 0 ZTF_r 2025182853215 4194304 2.0816 171.919 10.0622 26.0925 2.28254e-05 0.0317394 0.122164 3.07669e-05 304 30. 0.117483 0.089243 19.7195 26.0925 2 2459779.6828588 787120232 1 -13.4454678519515 46.8533528039057 -0.31921996489048 1.15022736665575 -49.0075750311022 85.2648779334325 -0.578639705637081 1.05416544985431 0.462397800485168 17.9640001296997 0.0590000003576279 4.32499980926514 0.386999994516373 2458160.745150 2458229.694375 0
 116 787 9 0 ZTF_r 2025183793215 4194304 2.5047 172.711 10.0994 26.0957 2.951e-05 0.0362527 0.121667 3.99191e-05 303 30. 0.121784 0.089334 19.5718 26.0957 2 2459779.6837963 787120232 1 -132.922221339762 52.4469827238585 -2.81923892622374 1.23097304211866 -194.686749611046 86.372172168613 -2.26922596884955 1.06918388902986 0.462397800485168 17.9640001296997 0.0590000003576279 4.32499980926514 0.386999994516373 2458160.745150 2458229.694375 0
 117 787 9 0 ZTF_r 2029165853215 4194304 1.8204 182.213 17.4974 26.1629 2.82428e-05 0.0356514 0.117066 3.8153e-05 305 30. 0.098276 0.083259 19.2949 26.1629 2 2459783.6658565 787120232 1 -1.14263397347358 75.5373427216621 -0.0168267495496278 1.19775463041122 99.6193557043334 145.189730748214 0.690753383725979 1.04913996505234 0.462397800485168 17.9640001296997 0.0590000003576279 4.32499980926514 0.386999994516373 2458160.745150 2458229.694375 0
 118 787 9 0 ZTF_r 2029168273215 4194304 1.8127 181.472 14.7351 26.1238 2.52265e-05 0.0336871 0.130476 3.39647e-05 308 30. 0.098959 0.078966 19.4478 26.1238 2 2459783.6682755 787120232 1 50.0805986813308 64.1542154293169 0.868358610179786 1.40569402460571 116.530796350272 123.509782294832 0.949848957617252 1.04804552959719 0.462397800485168 17.9640001296997 0.0590000003576279 4.32499980926514 0.386999994516373 2458160.745150 2458229.694375 0
 119 787 9 0 ZTF_r 2029170693215 4194304 1.75 181.445 12.4993 26.1534 2.27002e-05 0.0319881 0.119232 3.07334e-05 308 30. 0.092169 0.076399 19.6933 26.1534 2 2459783.6706944 787120232 1 82.7904485408096 52.7782680400563 1.74493760504428 1.89074915193147 118.776707990667 101.042934926382 1.18342441299743 1.05068583519311 0.462397800485168 17.9640001296997 0.0590000003576279 4.32499980926514 0.386999994516373 2458160.745150 2458229.694375 0
 120 787 9 0 ZTF_r 2029173123215 4194304 1.9094 179.586 11.7661 26.1422 2.36191e-05 0.0325476 0.122989 3.15741e-05 305 30. 0.096738 0.077106 19.6847 26.1422 2 2459783.673125 787120232 1 -3.83419434539875 53.218569934306 -0.0801430235965539 1.70239641938362 -61.3347901112562 99.8612588850669 -0.618336721777305 1.05272319723365 0.462397800485168 17.9640001296997 0.0590000003576279 4.32499980926514 0.386999994516373 2458160.745150 2458229.694375 0
 121 788 12 1 ZTF_r 2032176624515 33554432 2.2777 158.672 12.5769 25.8137 0.000363521 0.133062 0.12298 0.000510722 314 30. 0.121682 0.103745 19.1224 25.8137 2 2459786.6766204 788120245 1 168.145282785815 68.3718700533791 2.73565943405064 0.97514273424727 185.417181028554 114.740721262243 1.62685029654042 1.06478609163736 0.551987440985924 17.8479999542236 0.0610000006854534 4.52099990844727 0.305999994277954 2458182.832801 2458224.749641 0
 122 788 12 1 ZTF_r 2032177554515 37748736 2.2615 172.27 12.7601 25.8863 0.000114017 0.0750776 0.128302 0.000160708 319 30. 0.121238 0.095426 19.1963 25.8863 2 2459786.6775579 788120245 0 41.719210909119 63.232615622126 0.733921718541565 1.08728364121063 78.2107065740599 107.263738272034 0.734054783574615 1.06539392291908 0.551987440985924 17.8479999542236 0.0610000006854534 4.52099990844727 0.305999994277954 2458182.832801 2458224.749641 0
 123 788 12 1 ZTF_r 2032178504515 37750784 2.156 211.148 14.7659 25.9697 0.00466328 0.259053 0.185329 0.00603172 96 30. 0.127836 0.098391 19.1491 25.9697 2 2459786.6785069 788120245 1 -338.338062183935 60.7209909440492 -6.19821744745591 1.15467354349284 -526.517647665445 105.320183803768 -5.03287931307856 1.06415382493837 0.551987440985924 17.8479999542236 0.0610000006854534 4.52099990844727 0.305999994277954 2458182.832801 2458224.749641 0
 124 788 12 1 ZTF_r 2032179444515 33556480 2.1816 96.1614 16.1792 25.1515 0.00116655 0.201368 0.160645 0.00167623 230 30. 0.130572 0.106135 18.2442 25.1515 2 2459786.6794444 788120245 0 49.5892402349765 68.6034928484788 0.804074015738778 0.961952502038138 102.099903248493 121.194532718015 0.848120370333349 1.05824166064864 0.551987440985924 17.8479999542236 0.0610000006854534 4.52099990844727 0.305999994277954 2458182.832801 2458224.749641 0
 125 788 12 1 ZTF_r 2032180394515 33554432 2.0303 166.687 12.5131 25.7978 0.000101918 0.0715127 0.116654 0.000143372 324 30. 0.113838 0.091029 19.1954 25.7978 2 2459786.6803935 788120245 0 164.289574435555 58.019521421657 3.14985573670157 0.940778328209631 256.959271657288 104.317597817854 2.47982998599832 1.05297288941354 0.551987440985924 17.8479999542236 0.0610000006854534 4.52099990844727 0.305999994277954 2458182.832801 2458224.749641 0
 126 788 12 1 ZTF_r 2033173994515 0 2.0601 208.778 11.9862 26.0592 2.57774e-05 0.0360841 0.126613 3.62228e-05 328 30. 0.117703 0.094661 19.5185 26.0592 2 2459787.6739931 788120245 1 143.800328878776 55.5012507947547 2.88211900860031 1.1646152408885 61.2593220573884 98.3348291331816 0.627162396677051 1.05520321066593 0.551987440985924 17.8479999542236 0.0610000006854534 4.52099990844727 0.305999994277954 2458182.832801 2458224.749641 0
 127 788 12 1 ZTF_r 2033174934515 0 2.146 208.5 11.8437 26.0267 2.99388e-05 0.0388023 0.13813 4.20377e-05 327 30. 0.109623 0.093263 19.4517 26.0267 2 2459787.6749306 788120245 1 46.0983189435411 57.9433384955092 0.884985948791726 1.15489668929512 171.330546285449 101.891293362921 1.69282832398452 1.05557245107839 0.551987440985924 17.8479999542236 0.0610000006854534 4.52099990844727 0.305999994277954 2458182.832801 2458224.749641 0
 128 788 12 1 ZTF_r 2033175874515 0 2.0342 206.975 11.7944 26.0179 2.53569e-05 0.0356065 0.127142 3.55621e-05 325 30. 0.110396 0.089997 19.5177 26.0179 2 2459787.6758796 788120245 1 28.9601304948844 53.5882930774133 0.601153516196691 1.26857358263341 -94.3475401809548 96.7572519632621 -0.981662607867521 1.05276611578528 0.551987440985924 17.8479999542236 0.0610000006854534 4.52099990844727 0.305999994277954 2458182.832801 2458224.749641 0
 129 788 12 1 ZTF_r 2033176814515 0 2.1168 206.471 11.5729 26.0316 2.62251e-05 0.0361898 0.132595 3.66645e-05 325 30. 0.119281 0.090504 19.5097 26.0316 2 2459787.6768171 788120245 1 -53.3639616509548 52.7333837131163 -1.12568589703886 1.10093521470103 -40.4130949942475 93.7346074462796 -0.434047579892141 1.05629942468859 0.551987440985924 17.8479999542236 0.0610000006854534 4.52099990844727 0.305999994277954 2458182.832801 2458224.749641 0
 130 788 12 1 ZTF_r 2033177764515 0 2.0045 207.471 11.4403 26.0401 2.26479e-05 0.0338006 0.127468 3.18152e-05 327 30. 0.116894 0.097964 19.5731 26.0401 2 2459787.6777662 788120245 1 8.04109961740515 57.5623179542923 0.155393185434338 1.10695498461363 -67.3745639395193 103.777231677033 -0.653595537363448 1.05317074026266 0.551987440985924 17.8479999542236 0.0610000006854534 4.52099990844727 0.305999994277954 2458182.832801 2458224.749641 0
 131 788 12 1 ZTF_r 2034173394515 0 2.2946 196.787 12.2094 25.9925 3.42206e-05 0.0409874 0.125865 4.7857e-05 323 30. 0.116772 0.088733 19.3281 25.9925 2 2459788.6733912 788120245 1 40.759797418541 68.737134715972 0.65962239669053 0.969751285005428 10.3244869179 116.189208344677 0.0894577308804481 1.06185262896725 0.551987440985924 17.8479999542236 0.0610000006854534 4.52099990844727 0.305999994277954 2458182.832801 2458224.749641 0
 132 788 12 1 ZTF_r 2034174324515 33554432 2.8332 197.986 12.039 25.9971 0.000135262 0.0802615 0.114016 0.000187596 319 30. 0.123025 0.100142 19.2221 25.9971 2 2459788.6743287 788120245 1 -8.67643406535248 72.2056845492574 -0.133667148128408 1.03849966584533 -110.381378632631 111.926904320201 -0.992833709137506 1.08567702138627 0.551987440985924 17.8479999542236 0.0610000006854534 4.52099990844727 0.305999994277954 2458182.832801 2458224.749641 0
 133 788 12 1 ZTF_r 2034175274515 33554432 3.6512 196.823 11.9909 25.9597 7.5094e-05 0.056129 0.152249 0.000105793 277 30. 0.147716 0.12247 18.9329 25.9597 2 2459788.6752778 788120245 1 -2.01754902520123 78.1608993002117 -0.0287137126616362 1.1938827962421 -45.3738125891131 103.462493011247 -0.441506931623165 1.14556033071719 0.551987440985924 17.8479999542236 0.0610000006854534 4.52099990844727 0.305999994277954 2458182.832801 2458224.749641 0
 134 788 12 1 ZTF_r 2034176214515 33554432 3.0639 198.153 11.8389 25.9866 6.19363e-05 0.0544051 0.13108 8.73949e-05 311 30. 0.13719 0.110635 19.1297 25.9866 2 2459788.6762153 788120245 1 58.6270476852105 76.0079499004141 0.858012879443168 0.904877832047744 26.1868161366671 113.145980312764 0.23300152402347 1.08566800151339 0.551987440985924 17.8479999542236 0.0610000006854534 4.52099990844727 0.305999994277954 2458182.832801 2458224.749641 0
 135 788 12 1 ZTF_r 2034177164515 0 2.7608 198.01 11.8304 25.9953 3.59601e-05 0.0419621 0.122925 5.05318e-05 322 30. 0.12501 0.100787 19.2324 25.9953 2 2459788.6771644 788120245 1 -73.5530103374052 67.574161810996 -1.21080605934165 1.06750920871882 -167.097341036068 104.483049569525 -1.61004825122317 1.08828228928668 0.551987440985924 17.8479999542236 0.0610000006854534 4.52099990844727 0.305999994277954 2458182.832801 2458224.749641 0
 136 788 12 1 ZTF_r 2035176344515 0 1.6184 211.386 11.359 26.0492 3.21937e-05 0.0398164 0.129558 4.5192e-05 326 30. 0.103533 0.086872 19.7841 26.0492 2 2459789.6763426 788120245 1 80.8775945883356 43.6856050662856 2.05941879558958 1.57962440059924 126.368210441827 85.2794023900703 1.49179407974544 1.04456842191176 0.551987440985924 17.8479999542236 0.0610000006854534 4.52099990844727 0.305999994277954 2458182.832801 2458224.749641 0
 137 788 12 1 ZTF_r 2035177284515 0 1.5885 211.117 11.3125 26.0405 2.65458e-05 0.0363347 0.123264 3.73134e-05 326 30. 0.10391 0.091061 19.7734 26.0405 2 2459789.6772801 788120245 1 31.7262800367716 51.8267085290795 0.68095799989314 0.992526863678405 172.777518732248 100.927371627292 1.72342925865526 1.04391478597917 0.551987440985924 17.8479999542236 0.0610000006854534 4.52099990844727 0.305999994277954 2458182.832801 2458224.749641 0
 138 788 12 1 ZTF_r 2036176224515 0 1.7428 206.822 11.3551 26.0399 2.45343e-05 0.0349255 0.126374 3.43443e-05 327 30. 0.112426 0.090479 19.7114 26.0399 2 2459790.6762269 788120245 1 -58.3374911109198 46.1304651704277 -1.40674284476538 1.3575124118979 -198.875729291329 88.4156375834309 -2.26447689846126 1.04659600967536 0.551987440985924 17.8479999542236 0.0610000006854534 4.52099990844727 0.305999994277954 2458182.832801 2458224.749641 0
 139 788 12 1 ZTF_r 2036177244515 0 1.8973 207.081 11.3478 26.0299 3.57692e-05 0.0422054 0.123676 5.01844e-05 327 30. 0.103703 0.083345 19.6768 26.0299 2 2459790.6772454 788120245 1 -7.88324790769402 51.2058189060777 -0.171253978389114 1.12472457630071 -82.3531878635662 97.9393446544458 -0.846522320672349 1.04841951424886 0.551987440985924 17.8479999542236 0.0610000006854534 4.52099990844727 0.305999994277954 2458182.832801 2458224.749641 0
 140 788 12 1 ZTF_r 2037171044515 33554432 1.8939 154.955 13.5925 25.7559 0.00010507 0.0704883 0.116399 0.000147103 315 30. 0.133527 0.102578 19.1559 25.7559 2 2459791.6710417 788120245 1 39.6240503038095 62.5282191417461 0.704916388680679 1.4336153475881 337.318470703285 118.058383403052 2.8764609528126 1.04819134235087 0.551987440985924 17.8479999542236 0.0610000006854534 4.52099990844727 0.305999994277954 2458182.832801 2458224.749641 0
 141 788 12 1 ZTF_r 2037172184515 0 1.9067 162.645 13.1614 25.7747 3.63637e-05 0.0429106 0.126172 5.16613e-05 324 30. 0.135176 0.09174 19.1799 25.7747 2 2459791.6721875 788120245 1 -32.6925335355762 57.3365640971659 -0.63426641363706 0.998282230372621 94.0279999949042 106.77242409438 0.886570524062351 1.04860352898372 0.551987440985924 17.8479999542236 0.0610000006854534 4.52099990844727 0.305999994277954 2458182.832801 2458224.749641 0
 142 788 12 1 ZTF_r 2037175604515 0 1.9165 162.686 13.5335 25.7647 3.28317e-05 0.0405643 0.128237 4.63515e-05 323 30. 0.117658 0.096042 19.1751 25.7647 2 2459791.6756019 788120245 1 -22.3909737725066 54.9184892115965 -0.453533321839631 1.06792775306085 17.3734494251457 104.05308257432 0.168091710249058 1.04954089702255 0.551987440985924 17.8479999542236 0.0610000006854534 4.52099990844727 0.305999994277954 2458182.832801 2458224.749641 0
 143 787 9 0 ZTF_g 2111469713215 4194304 2.3071 104.508 12.7659 26.0721 4.01715e-05 0.0373755 -0.0288174 7.59146e-05 201 30. 0.111216 0.08644 19.345 26.0721 1 2459865.9697106 787120132 1 304.411646658631 66.5254591506582 5.09012191937598 1.00313939791547 318.197415909762 113.556448518181 2.8209802084651 1.07245286981601 0.438649327263071 18.9789998054504 0.0759999975562096 5.01700019836426 0.462999999523163 2458166.884375 2458276.724259 0
 144 787 9 0 ZTF_r 2111488633215 4194304 2.4221 186.84 11.2592 26.1573 3.13076e-05 0.0370654 0.136491 4.16767e-05 304 30. 0.095027 0.084607 19.5888 26.1573 1 2459865.9886343 787120232 1 362.720923765381 58.5785819747511 6.88792731421411 1.171328676021 310.557681470572 97.2918586214362 3.21351971021241 1.08207353676476 0.462397800485168 17.9640001296997 0.0590000003576279 4.32499980926514 0.386999994516373 2458160.745150 2458229.694375 0
 145 787 9 0 ZTF_g 2113465343215 4194304 2.1525 92.5385 12.4893 25.9326 3.58402e-05 0.0360005 -0.0133355 6.4608e-05 204 30. 0.101254 0.084527 19.2819 25.9326 1 2459867.9653472 787120132 1 372.712532643095 64.5484291146733 6.42307687540496 1.00547529377123 353.184763271496 110.573254528563 3.21563731201142 1.08461476362598 0.438649327263071 18.9789998054504 0.0759999975562096 5.01700019836426 0.462999999523163 2458166.884375 2458276.724259 0
 146 787 9 0 ZTF_i 2113494783215 33554432 2.1722 511.229 22.4121 26.095 0.00016411 0.124546 0.160797 0.000465446 273 30. 0.122416 0.091336 18.8117 26.095 2 2459867.9947801 787120332 1 -1016.8703740849 117.966720814415 -9.58872555169273 1.4037248726207 -1483.4353943749 204.711150385436 -7.29528613509067 1.07494619207809 0.406091475756576 17.3470002746582 0.0659999996423721 4.44299983978271 0.331999987363815 2458174.769132 2458561.945544 0
 147 788 12 1 ZTF_r 2116491114515 0 2.6944 249.417 9.24373 26.2317 2.68154e-05 0.0368215 0.131797 3.81228e-05 324 30. 0.116636 0.102075 19.7619 26.2317 1 2459870.9911111 788120245 1 702.077435945759 50.9528658183762 15.3274956260342 1.35662009307581 637.771868675264 78.444242006994 8.18501501802634 1.07850225207352 0.551987440985924 17.8479999542236 0.0610000006854534 4.52099990844727 0.305999994277954 2458182.832801 2458224.749641 0
 148 788 12 1 ZTF_g 2116508914515 0 2.454 134.195 8.40522 26.2546 2.79556e-05 0.0361884 -0.0493267 4.49768e-05 287 30. 0.106965 0.087962 19.9375 26.2546 1 2459871.008912 788120145 1 663.719899626519 43.691050122986 16.8984611166378 1.09618771211645 753.517857292721 70.2384339542265 10.8002528061707 1.07095682031699 0.559311090529057 18.9760000228882 0.0670000016689301 4.8600001335144 0.347000002861023 2458166.882269 2458272.703889 0
 149 787 9 0 ZTF_g 2117492473215 4194312 4.9299 276.883 78.6672 26.1668 0.000106029 0.0537302 -0.0502491 0.000204817 160 30. 0.19731 0.1543 18.7419 26.1668 1 2459871.9924769 787120132 1 677.207833976763 91.7336414886755 8.21198487404422 0.940464489356764 699.58580648977 110.463819689149 6.37582114333013 1.18696397763432 0.438649327263071 18.9789998054504 0.0759999975562096 5.01700019836426 0.462999999523163 2458166.884375 2458276.724259 0
 150 787 9 0 ZTF_g 2120473003215 4194304 2.4094 109.527 4.64369 26.1419 3.24917e-05 0.0384306 -0.0878731 4.45725e-05 302 30. 0.122982 0.087058 20.4792 26.1419 1 2459874.9730093 787120132 1 732.44442365071 28.8963713323104 28.1959134280179 1.53940889015872 739.859843851716 44.3129513484021 16.8086940680534 1.07385928290454 0.438649327263071 18.9789998054504 0.0759999975562096 5.01700019836426 0.462999999523163 2458166.884375 2458276.724259 0
 151 787 9 0 ZTF_r 2120514203215 4194304 2.1258 194.007 6.27804 26.2211 1.642e-05 0.0268585 0.1152 2.18731e-05 301 30. 0.094988 0.079569 20.3664 26.2211 1 2459875.0142014 787120232 1 677.94571031791 33.626242173203 22.4270102625531 2.240876073043 713.342829686566 56.9802887696106 12.6034326991623 1.0544289080172 0.462397800485168 17.9640001296997 0.0590000003576279 4.32499980926514 0.386999994516373 2458160.745150 2458229.694375 0
 152 787 9 0 ZTF_g 2124451663215 4194304 2.6981 108.85 6.66762 26.1322 3.99674e-05 0.0415091 -0.0652732 6.17234e-05 264 30. 0.105764 0.084531 19.9949 26.1322 1 2459878.9516667 787120132 1 684.664972818035 41.4807507564298 18.3605760667392 1.17659914163844 646.28176498873 62.3477068951473 10.4355804288663 1.09212546876724 0.438649327263071 18.9789998054504 0.0759999975562096 5.01700019836426 0.462999999523163 2458166.884375 2458276.724259 0
 153 787 9 0 ZTF_r 2124494733215 4194304 2.1028 192.8 7.36279 26.2159 1.50412e-05 0.0258356 0.117219 2.01716e-05 300 30. 0.097505 0.072909 20.2092 26.2159 1 2459878.9947338 787120232 1 817.446948968135 39.1495466168655 23.2267069960375 1.62655915695237 812.997289106688 66.9028335258549 12.2337549770331 1.05779895726756 0.462397800485168 17.9640001296997 0.0590000003576279 4.32499980926514 0.386999994516373 2458160.745150 2458229.694375 0
 154 787 9 0 ZTF_g 2126427403215 4194304 4.4028 261.941 6.66274 26.083 5.58923e-05 0.0425528 -0.0460086 0.000104099 188 30. 0.143408 0.138741 18.3605 26.083 1 2459880.9274074 787120132 1 634.270434059314 104.396287823224 6.75840498699408 0.955615240758533 678.424049106815 141.885784486756 4.81368360178724 1.12328739533273 0.438649327263071 18.9789998054504 0.0759999975562096 5.01700019836426 0.462999999523163 2458166.884375 2458276.724259 0
 155 787 9 0 ZTF_r 2128496313215 37748736 3.6784 481.768 8.86827 26.0179 6.27206e-05 0.0524039 0.118265 8.4086e-05 301 30. 0.128447 0.100952 18.3107 26.0179 1 2459882.9963194 787120232 1 659.274740890014 103.507076832078 7.08518499284023 0.996248002933866 716.556397593348 153.076606314052 4.71255839496571 1.09475739777978 0.462397800485168 17.9640001296997 0.0590000003576279 4.32499980926514 0.386999994516373 2458160.745150 2458229.694375 0
 156 787 9 0 ZTF_g 2128518403215 4194304 3.6823 110.39 5.88976 26.1551 3.99966e-05 0.0397407 -0.0558552 6.79352e-05 235 30. 0.131337 0.098119 19.8941 26.1551 1 2459883.0184028 787120132 1 584.12964746643 43.0564603820743 15.0912678156673 0.960942191852689 642.657466509507 55.8733308062258 11.5795101560259 1.1552990804675 0.438649327263071 18.9789998054504 0.0759999975562096 5.01700019836426 0.462999999523163 2458166.884375 2458276.724259 0
 157 788 12 1 ZTF_i 2129472234515 0 2.8982 329.871 7.31594 25.7045 6.5462e-06 0.028191 0.190144 2.11554e-05 325 30. 0.124976 0.094935 19.4131 25.7045 2 2459883.9722338 788120345 1 288.712475645527 45.9303105713701 6.99231475816191 1.03076161488069 288.615072204455 69.6201619408769 4.17348801296876 1.08488390632711 0.555405588655895 17.4110004043579 0.0599999986588955 4.40100002288818 0.29899999499321 2458223.733542 2458557.846713 0
 158 788 12 1 ZTF_g 2130515494515 33554432 1.8854 76.2832 6.22061 25.6597 0.0001649 0.0875281 -0.0325099 0.000261277 289 30. 0.096649 0.079299 19.9201 25.6597 1 2459885.0154977 788120145 1 324.56924286699 26.9638969175401 13.3899669588307 1.32259815108556 280.366105483162 48.2050974761457 5.85528091658984 1.05230438447838 0.559311090529057 18.9760000228882 0.0670000016689301 4.8600001335144 0.347000002861023 2458166.882269 2458272.703889 0
 159 788 12 1 ZTF_g 2134455824515 0 1.902 75.7183 10.9796 25.6505 4.54317e-05 0.041906 -0.0495089 8.8281e-05 218 30. 0.105123 0.078687 19.2552 25.6505 1 2459888.9558218 788120145 1 245.001157454266 52.8728787207352 5.15454078749514 0.992009163963151 243.774923171953 95.842006281985 2.5606388140814 1.06810932577117 0.559311090529057 18.9760000228882 0.0670000016689301 4.8600001335144 0.347000002861023 2458166.882269 2458272.703889 0
 160 788 12 1 ZTF_r 2134471494515 0 1.8167 154.167 10.2949 25.7047 2.67856e-05 0.0366273 0.13071 3.77086e-05 325 30. 0.096401 0.092567 19.4835 25.7047 1 2459888.9714931 788120245 1 424.760951536268 48.919740051149 9.6586236824333 1.35615771862514 446.624287623721 89.5083722314602 5.02335498554981 1.05915262628263 0.551987440985924 17.8479999542236 0.0610000006854534 4.52099990844727 0.305999994277954 2458182.832801 2458224.749641 0
 161 787 9 0 ZTF_g 2135414053215 4194304 2.9176 271.444 16.1845 26.1258 7.40794e-05 0.0449762 -0.018866 0.000141762 165 30. 0.125483 0.091943 18.4308 26.1258 1 2459889.9140509 787120132 1 493.296483772835 117.126893483287 4.684963331865 0.924269234858756 635.790676631335 182.979549552359 3.49805628543997 1.09737109409027 0.438649327263071 18.9789998054504 0.0759999975562096 5.01700019836426 0.462999999523163 2458166.884375 2458276.724259 0
 162 787 9 0 ZTF_i 2135422473215 0 2.3676 399.075 10.5275 25.6295 7.7738e-06 0.0295653 0.196245 2.45638e-05 320 30. 0.111273 0.093174 19.1082 25.6295 2 2459889.9224769 787120332 1 166.835080212407 57.256288542331 3.2412981604968 1.01931801284286 177.861033280426 93.8914597207542 1.90708439410073 1.08652241093663 0.406091475756576 17.3470002746582 0.0659999996423721 4.44299983978271 0.331999987363815 2458174.769132 2458561.945544 0
 163 787 9 0 ZTF_r 2135454693215 4194304 2.3372 195.122 11.9804 26.2284 2.34664e-05 0.0321739 0.121352 3.12693e-05 306 30. 0.102527 0.080015 19.5724 26.2284 1 2459889.9546991 787120232 1 518.560717643252 59.7601018395023 9.65257282516096 1.23293231634594 528.66109885123 101.565748072667 5.24016877606883 1.06171620692595 0.462397800485168 17.9640001296997 0.0590000003576279 4.32499980926514 0.386999994516373 2458160.745150 2458229.694375 0
 164 787 9 0 ZTF_g 2139415693215 4194304 2.9339 268.912 16.9186 26.1525 6.03217e-05 0.0403707 -0.0409665 0.000118922 160 30. 0.126186 0.093434 17.3892 26.1525 2 2459893.9156944 787120132 1 315.229769240402 249.031290862377 1.40808251423559 1.01971476856793 114.409702156547 424.662663177682 0.271227654489913 1.08528749754023 0.438649327263071 18.9789998054504 0.0759999975562096 5.01700019836426 0.462999999523163 2458166.884375 2458276.724259 0
 165 788 12 1 ZTF_g 2139427304515 0 3.1163 130.97 14.7964 26.2275 5.8307e-05 0.0431578 -0.0327768 0.00011502 183 30. 0.111095 0.097071 19.1047 26.2275 1 2459893.9273032 788120145 1 413.900432655602 95.0474800159733 4.84406625410516 0.974864042262038 343.893408042694 136.132792163371 2.54317526607592 1.10932180863364 0.559311090529057 18.9760000228882 0.0670000016689301 4.8600001335144 0.347000002861023 2458166.882269 2458272.703889 0
 166 787 9 0 ZTF_g 2139446093215 4194304 3.2866 113.814 14.4501 26.2185 6.2712e-05 0.039969 -0.071996 0.000122797 157 30. 0.130703 0.108305 19.1117 26.2185 2 2459893.9460995 787120132 1 335.194465663996 91.2648396155676 4.08552757065871 1.03352702339119 496.399381061929 128.103216567389 3.90109376520443 1.15539104255848 0.438649327263071 18.9789998054504 0.0759999975562096 5.01700019836426 0.462999999523163 2458166.884375 2458276.724259 0
 167 787 9 0 ZTF_r 2139488733215 4194304 3.0458 195.272 11.5873 26.2356 3.83109e-05 0.0410199 0.126835 5.11498e-05 304 30. 0.119364 0.098142 19.4153 26.2356 2 2459893.9887384 787120232 1 476.213199934098 66.779924064359 7.9325041769872 1.0923688070054 450.463512637136 97.5553963822708 4.64861429638495 1.09811683413775 0.462397800485168 17.9640001296997 0.0590000003576279 4.32499980926514 0.386999994516373 2458160.745150 2458229.694375 0
 168 788 12 1 ZTF_r 2139489674515 0 3.3827 258.46 11.6657 26.2598 4.18382e-05 0.0450964 0.154572 5.85056e-05 321 30. 0.135215 0.112845 19.352 26.2598 1 2459893.9896759 788120245 1 480.72579512009 69.8027067238998 7.66090300994542 1.12065451871706 474.242649191583 96.4764876655774 4.94873634262439 1.13283710545142 0.551987440985924 17.8479999542236 0.0610000006854534 4.52099990844727 0.305999994277954 2458182.832801 2458224.749641 0
 169 787 9 0 ZTF_r 2139554803215 4194304 3.7422 200.769 17.0249 26.2408 6.8408e-05 0.0486604 0.146022 9.57041e-05 229 30. 0.132772 0.11352 18.8397 26.2408 2 2459894.0548032 787120232 1 402.820328408438 128.537289619088 3.48607753603088 0.946250266220506 377.082856154637 168.090633927431 2.25843952168185 1.18602377572306 0.462397800485168 17.9640001296997 0.0590000003576279 4.32499980926514 0.386999994516373 2458160.745150 2458229.694375 0
 170 787 9 0 ZTF_r 2143382743215 4194304 3.0887 183.197 11.9388 26.154 4.83162e-05 0.0458783 0.127319 6.48115e-05 300 30. 0.128623 0.111172 19.288 26.154 1 2459897.8827431 787120232 1 359.966329495003 73.8162025413661 5.42456579933147 1.07595707329402 520.70067983702 106.942019773137 4.90179285921685 1.11028409296622 0.462397800485168 17.9640001296997 0.0590000003576279 4.32499980926514 0.386999994516373 2458160.745150 2458229.694375 0
 171 788 12 1 ZTF_r 2143430434515 0 2.3566 266.107 12.7247 26.2491 2.3461e-05 0.0341957 0.129915 3.2948e-05 326 30. 0.102773 0.088016 19.5901 26.2491 1 2459897.9304398 788120245 1 394.846164009634 55.2197116229962 7.95405500506762 1.40608858106056 498.633731479554 91.4604117498503 5.48862670466533 1.07075683028667 0.551987440985924 17.8479999542236 0.0610000006854534 4.52099990844727 0.305999994277954 2458182.832801 2458224.749641 0
 172 788 12 1 ZTF_g 2143473354515 0 3.199 138.585 10.2038 26.2931 3.64784e-05 0.0383721 -0.045814 6.63599e-05 231 30. 0.110124 0.09988 19.5608 26.2931 1 2459897.9733565 788120145 1 265.757515219895 65.7987442825326 4.49285859493767 1.06240435415461 283.695443096847 93.8068108554411 3.04462059443235 1.12164653399954 0.559311090529057 18.9760000228882 0.0670000016689301 4.8600001335144 0.347000002861023 2458166.882269 2458272.703889 0
 173 787 9 0 ZTF_g 2143473843215 4194304 3.425 117.043 10.0878 26.231 6.10426e-05 0.0453286 -0.0473974 0.000117304 196 30. 0.137412 0.089602 19.4741 26.231 1 2459897.9738426 787120132 1 81.6103635874571 67.6395810988085 1.3421442790233 0.934180966371134 35.310321204761 93.9419250541787 0.378405469433904 1.15041619259857 0.438649327263071 18.9789998054504 0.0759999975562096 5.01700019836426 0.462999999523163 2458166.884375 2458276.724259 0
 174 787 9 0 ZTF_i 2143507193215 0 2.2495 415.057 8.51015 25.6809 4.5295e-06 0.0225372 0.184891 1.41446e-05 318 30. 0.102499 0.087826 19.4178 25.6809 2 2459898.0071991 787120332 1 85.1973712925653 43.2189371717204 2.19283984310691 1.38008642788565 -39.7095576041158 72.962207081267 -0.547913849628177 1.07651855134731 0.406091475756576 17.3470002746582 0.0659999996423721 4.44299983978271 0.331999987363815 2458174.769132 2458561.945544 0
 175 788 12 1 ZTF_i 2143527224515 0 2.6314 342.516 8.23158 25.7264 4.6397e-06 0.0236947 0.193554 1.51037e-05 328 30. 0.1111 0.091425 19.3747 25.7264 2 2459898.0272222 788120345 1 121.965395249381 45.9723448236846 2.95117370778437 1.11851543596497 201.546849983657 73.3042087072816 2.76797585285333 1.07527122881413 0.555405588655895 17.4110004043579 0.0599999986588955 4.40100002288818 0.29899999499321 2458223.733542 2458557.846713 0
 176 788 12 1 ZTF_g 2145426184515 8 6.6486 130.378 9.04523 26.2713 0.000144255 0.043339 -0.0353503 0.000312201 102 30. 0.150287 0.15537 18.9934 26.2713 1 2459899.9261806 788120145 1 323.204491126364 98.3496941333095 3.65560425722839 0.984795117669805 407.167323222405 111.047818140291 3.69128926110719 1.56064665532003 0.559311090529057 18.9760000228882 0.0670000016689301 4.8600001335144 0.347000002861023 2458166.882269 2458272.703889 0
 177 787 9 0 ZTF_r 2145472833215 4194312 5.7109 195.869 9.1031 26.2525 6.82443e-05 0.0446687 0.122206 9.93495e-05 196 30. 0.15783 0.142283 19.0957 26.2525 1 2459899.9728356 787120232 1 334.433052443173 89.7340623982066 4.14578393669856 0.935299642096365 328.780331901185 102.036784603604 3.24387609467258 1.41825363489531 0.462397800485168 17.9640001296997 0.0590000003576279 4.32499980926514 0.386999994516373 2458160.745150 2458229.694375 0
 178 788 12 1 ZTF_r 2145473774515 33554440 6.7583 253.713 9.13743 26.2903 0.000100851 0.0510143 0.140004 0.000156082 172 30. 0.181534 0.174682 19.0021 26.2903 1 2459899.9737731 788120245 1 256.551123815174 95.3416868261748 2.99326998710598 1.05258812378209 280.072357514283 108.070203587696 2.6090323844655 1.58546194223766 0.551987440985924 17.8479999542236 0.0610000006854534 4.52099990844727 0.305999994277954 2458182.832801 2458224.749641 0
 179 788 12 1 ZTF_i 2146427494515 0 4.3464 335.289 9.2561 25.7229 1.62782e-05 0.0404126 0.173389 4.53593e-05 282 30. 0.136897 0.128664 18.8049 25.7229 2 2459900.9275 788120345 1 60.3938392925128 77.5921769673636 0.865823767308816 1.03411914798369 70.6476716870611 94.9630048167377 0.748959955067101 1.2347987578689 0.555405588655895 17.4110004043579 0.0599999986588955 4.40100002288818 0.29899999499321 2458223.733542 2458557.846713 0
 180 787 9 0 ZTF_i 2146429863215 8 4.6496 410.053 9.24198 25.6828 2.28409e-05 0.0456914 0.18225 6.55808e-05 271 30. 0.151 0.126461 18.7153 25.6828 2 2459900.9298611 787120332 1 141.87498410154 76.7810633667237 2.0554480485001 1.00893926377656 157.569268095123 92.4158403385773 1.71648610887824 1.28147149529515 0.406091475756576 17.3470002746582 0.0659999996423721 4.44299983978271 0.331999987363815 2458174.769132 2458561.945544 0
 181 787 9 0 ZTF_g 2147518073215 4194304 1.9916 124.539 6.37182 26.2727 2.34729e-05 0.0325804 -0.0623393 3.20753e-05 305 30. 0.095417 0.085579 20.5204 26.2727 1 2459902.0180787 787120132 1 137.164792846853 29.7292305880728 5.13232067016899 1.69873316232167 88.6113338349349 53.7263384601457 1.66041719617154 1.07309221140507 0.438649327263071 18.9789998054504 0.0759999975562096 5.01700019836426 0.462999999523163 2458166.884375 2458276.724259 0
 182 788 12 1 ZTF_g 2147519024515 0 1.8732 146.881 6.56558 26.3523 1.93171e-05 0.0311283 -0.0636001 2.75494e-05 324 30. 0.090429 0.082845 20.5427 26.3523 1 2459902.0190278 788120145 1 214.20183279411 27.3666744613695 8.70674765264864 1.90414037358557 275.93576279717 48.7091116556391 5.70312610091274 1.06726250279945 0.559311090529057 18.9760000228882 0.0670000016689301 4.8600001335144 0.347000002861023 2458166.882269 2458272.703889 0
 183 788 12 1 ZTF_r 2147525894515 33554432 2.2461 266.837 7.48842 26.4692 6.79227e-05 0.0567774 0.118939 9.62056e-05 307 30. 0.09334 0.095472 20.4589 26.4692 1 2459902.0258912 788120245 1 358.478805859827 38.5424630571568 10.3461511892049 1.50346204134599 453.370199306778 65.5125800354013 6.9669622755978 1.07823532444348 0.551987440985924 17.8479999542236 0.0610000006854534 4.52099990844727 0.305999994277954 2458182.832801 2458224.749641 0
 184 787 9 0 ZTF_g 2149380273215 4194304 3.5019 273.115 7.32132 26.1227 3.66807e-05 0.0380293 -0.0470806 6.43248e-05 235 30. 0.127168 0.099782 17.4823 26.1227 1 2459903.8802778 787120132 1 112.894796051449 227.625574701953 0.551705951784643 0.969597496720817 301.204276292213 377.801254577129 0.802625456504131 1.10712092630421 0.438649327263071 18.9789998054504 0.0759999975562096 5.01700019836426 0.462999999523163 2458166.884375 2458276.724259 0
 185 788 12 1 ZTF_r 2149496154515 0 2.8813 262.646 7.55134 26.2971 1.76967e-05 0.0297301 0.130447 2.48591e-05 329 30. 0.10002 0.093269 20.1942 26.2971 1 2459903.9961574 788120245 1 433.427971961936 40.4313380932736 11.9248691456315 1.39358370527917 525.046050026552 65.7282208532442 8.04193782396999 1.08567539529513 0.551987440985924 17.8479999542236 0.0610000006854534 4.52099990844727 0.305999994277954 2458182.832801 2458224.749641 0
 186 787 9 0 ZTF_r 2149496643215 4194304 11.9615 199.373 7.18822 26.2347 2.01903e-05 0.0301643 0.127626 2.73454e-05 308 30. 0.098925 0.094349 20.1381 26.2347 1 2459903.9966435 787120232 1 495.70322580042 42.5701738782291 12.9530225660279 2.16859262862827 539.112196551343 67.7357458743207 8.01265478378156 1.1063167306542 0.462397800485168 17.9640001296997 0.0590000003576279 4.32499980926514 0.386999994516373 2458160.745150 2458229.694375 0
 187 788 12 1 ZTF_g 2149507434515 0 2.1497 144.652 6.00641 26.3377 2.02578e-05 0.032198 -0.0682554 2.87952e-05 328 30. 0.091794 0.079784 20.5579 26.3377 1 2459904.0074306 788120145 1 129.919672256335 28.4160425875701 5.08588015849362 1.5530836253687 179.657071053227 49.5914432841889 3.64714272837042 1.06931793172258 0.559311090529057 18.9760000228882 0.0670000016689301 4.8600001335144 0.347000002861023 2458166.882269 2458272.703889 0
 188 787 9 0 ZTF_r 2151370813215 4194304 1.9479 122.478 9.68762 25.7265 5.50491e-05 0.0498856 0.117685 7.48962e-05 309 30. 0.095383 0.078607 19.4398 25.7265 1 2459905.8708102 787120232 1 218.864728940914 43.8264891450772 5.5551257983601 1.24994965112737 156.594337364735 80.9393370423471 1.9477427786942 1.05252409918345 0.462397800485168 17.9640001296997 0.0590000003576279 4.32499980926514 0.386999994516373 2458160.745150 2458229.694375 0
 189 788 12 1 ZTF_g 2151414074515 33554432 2.4408 28.2724 8.53628 24.5982 0.000465699 0.0961659 -0.0584762 0.000885119 130 30. 0.11518 0.097564 18.2935 24.5982 1 2459905.9140741 788120145 1 -2.75286183609357 42.5165363938727 -0.0720246801985963 0.986565409393204 -43.4134256472267 69.648798952421 -0.627517175085889 1.08351520959728 0.559311090529057 18.9760000228882 0.0670000016689301 4.8600001335144 0.347000002861023 2458166.882269 2458272.703889 0
 190 788 12 1 ZTF_r 2151428114515 33554432 2.0127 44.1584 11.5999 24.4221 0.00109706 0.169764 0.133568 0.00159276 182 30. 0.112996 0.098332 17.9977 24.4221 1 2459905.9281134 788120245 1 27.3628290908074 49.7354685320498 0.611997411654998 1.00726709599612 -14.6608215402628 93.5920185858766 -0.157701086479962 1.06187802412848 0.551987440985924 17.8479999542236 0.0610000006854534 4.52099990844727 0.305999994277954 2458182.832801 2458224.749641 0
 191 787 9 0 ZTF_r 2154372843215 4194304 3.6684 191.687 8.15666 26.2017 4.45477e-05 0.0449057 0.126853 6.10567e-05 305 30. 0.137248 0.114125 19.5931 26.2017 2 2459908.8728472 787120232 1 163.446246084942 55.6314699221303 3.26820444498982 1.07215072775259 137.400495254497 73.5690607212672 1.88021831649366 1.13604638110419 0.462397800485168 17.9640001296997 0.0590000003576279 4.32499980926514 0.386999994516373 2458160.745150 2458229.694375 0
 192 787 9 0 ZTF_g 2154408653215 4194304 2.8049 293.184 6.7438 26.2153 3.22941e-05 0.0376296 -0.0637383 4.8099e-05 279 30. 0.114077 0.09249 17.5226 26.2153 2 2459908.9086574 787120132 1 81.4583414462974 155.370325979874 0.583206408379838 1.05995246347954 182.717077553054 276.600318424898 0.66503064288022 1.07715997651084 0.438649327263071 18.9789998054504 0.0759999975562096 5.01700019836426 0.462999999523163 2458166.884375 2458276.724259 0
 193 787 9 0 ZTF_r 2154489443215 37748744 4.6811 200.263 7.27674 26.2599 6.13664e-05 0.0509045 0.128601 8.17645e-05 296 30. 0.141191 0.123038 19.5573 26.2599 1 2459908.9894444 787120232 1 257.114738333254 63.554977717963 4.50020400975757 1.07073809802958 329.137020525637 75.8804923166489 4.36678475823545 1.26153019303444 0.462397800485168 17.9640001296997 0.0590000003576279 4.32499980926514 0.386999994516373 2458160.745150 2458229.694375 0
 194 787 9 0 ZTF_g 2155359393215 4194304 1.9436 277.205 7.39175 26.1245 3.37871e-05 0.0385134 -0.0538451 4.69284e-05 292 30. 0.099322 0.079579 19.2121 26.1245 2 2459909.8593981 787120132 1 50.9921475406512 23.8725859369072 2.37606675796712 1.92499582408599 44.5584048453522 42.6009275638803 1.05299369828002 1.07411665307169 0.438649327263071 18.9789998054504 0.0759999975562096 5.01700019836426 0.462999999523163 2458166.884375 2458276.724259 0
 195 787 9 0 ZTF_g 2155493883215 4194304 2.1025 124.775 5.70171 26.2699 3.04639e-05 0.03667 -0.0759925 4.08365e-05 303 30. 0.101699 0.082236 20.6021 26.2699 2 2459909.9938889 787120132 1 106.852173021886 29.1589931395677 4.07629528053554 1.64840295720559 47.8829220940653 50.8778762826778 0.947473044304733 1.08548389391154 0.438649327263071 18.9789998054504 0.0759999975562096 5.01700019836426 0.462999999523163 2458166.884375 2458276.724259 0
 196 787 9 0 ZTF_g 2156507743215 4194304 3.2708 124.771 5.94617 26.2918 4.53493e-05 0.0435399 -0.0554185 7.06254e-05 264 30. 0.129284 0.101136 20.1524 26.2918 1 2459911.0077431 787120132 1 69.1872085042865 41.3970683644416 1.85913541114877 0.92384823565306 108.646885907124 58.2631136413414 1.87732206706313 1.17552570403656 0.438649327263071 18.9789998054504 0.0759999975562096 5.01700019836426 0.462999999523163 2458166.884375 2458276.724259 0
 197 788 12 1 ZTF_g 2156516364515 0 2.6848 149.193 5.85477 26.3503 2.70357e-05 0.036651 -0.044097 3.93571e-05 318 30. 0.105877 0.096374 20.3588 26.3503 1 2459911.0163657 788120145 1 89.1260934220897 34.5693924762241 2.86792589114952 1.08895460596393 122.240688682989 53.2320117600293 2.31184174119043 1.11171120816169 0.559311090529057 18.9760000228882 0.0670000016689301 4.8600001335144 0.347000002861023 2458166.882269 2458272.703889 0
 198 787 9 0 ZTF_i 2159368563215 0 3.8025 402.082 8.15681 25.6613 2.32339e-05 0.0488729 0.189003 7.67684e-05 298 30. 0.145792 0.131338 19.0172 25.6613 2 2459913.8685648 787120332 1 67.0693029320978 64.6425757811512 1.1541438467467 0.953888816144861 177.538997920429 83.9004225734506 2.13031982204428 1.18762954615308 0.406091475756576 17.3470002746582 0.0659999996423721 4.44299983978271 0.331999987363815 2458174.769132 2458561.945544 0
 199 788 12 1 ZTF_i 2159388984515 0 2.9367 337.53 8.01104 25.7157 7.713e-06 0.0304947 0.182419 2.45294e-05 323 30. 0.119232 0.11539 19.3622 25.7157 2 2459913.8889815 788120345 1 122.15540221141 44.6544947896092 3.04300242800631 1.03920504270628 177.02343806206 66.9555204067056 2.66170287408575 1.08897232112175 0.555405588655895 17.4110004043579 0.0599999986588955 4.40100002288818 0.29899999499321 2458223.733542 2458557.846713 0
 200 787 9 0 ZTF_g 2160473033215 4194304 2.8212 310.181 85.7432 26.2718 3.15414e-05 0.0372478 -0.0901995 4.20425e-05 303 30. 0.142378 0.09117 19.3252 26.2718 2 2459914.9730324 787120132 1 49.4760352587913 28.8012366702378 1.91090261833939 1.51562975385691 6.63439206865908 45.7954391771788 0.145845857162977 1.11018272327162 0.438649327263071 18.9789998054504 0.0759999975562096 5.01700019836426 0.462999999523163 2458166.884375 2458276.724259 0
 201 787 9 0 ZTF_g 2160473983215 4194304 8.5497 311.748 86.4065 26.2764 4.53266e-05 0.0447655 -0.0980033 6.16496e-05 301 30. 0.143256 0.097515 19.3226 26.2764 1 2459914.9739815 787120132 1 47.340948529206 34.7629246600348 1.51487029338309 1.16478817888869 -10.9156063914867 52.9812908215559 -0.207415173510472 1.12400775589999 0.438649327263071 18.9789998054504 0.0759999975562096 5.01700019836426 0.462999999523163 2458166.884375 2458276.724259 0
 202 787 9 0 ZTF_r 2168333263215 4194304 2.0109 193.141 15.2611 26.2013 2.69236e-05 0.0346326 0.126792 3.64032e-05 306 30. 0.099341 0.086799 19.4158 26.2013 2 2459922.8332639 787120232 1 129.83121801801 72.863410208818 1.98209487684406 1.13314803186672 106.310383305753 130.947387398574 0.8173235982793 1.06490412142033 0.462397800485168 17.9640001296997 0.0590000003576279 4.32499980926514 0.386999994516373 2458160.745150 2458229.694375 0
 203 787 9 0 ZTF_r 2168413063215 4194304 1.7753 198.767 13.3576 26.2555 2.2822e-05 0.0316787 0.11754 3.0726e-05 305 30. 0.091323 0.081869 19.7242 26.2555 2 2459922.9130671 787120232 1 158.373170478915 53.2508402379611 3.308338562941 1.85510545405225 42.5410102001942 102.160843294202 0.41921664867381 1.04345118318523 0.462397800485168 17.9640001296997 0.0590000003576279 4.32499980926514 0.386999994516373 2458160.745150 2458229.694375 0
 204 788 12 1 ZTF_g 2168435324515 0 1.8721 142.942 14.9603 26.3242 3.57851e-05 0.0403674 -0.0552906 6.20104e-05 269 30. 0.094683 0.077738 19.6163 26.3242 1 2459922.9353241 788120145 1 91.3326497014223 73.2702396420967 1.3866065472435 1.01647121116197 262.658296386701 136.5575797498 1.93637962542518 1.05544384712585 0.559311090529057 18.9760000228882 0.0670000016689301 4.8600001335144 0.347000002861023 2458166.882269 2458272.703889 0
 205 787 9 0 ZTF_g 2168435813215 4194304 1.8883 299.208 15.6076 26.276 3.38299e-05 0.0362949 -0.0504112 5.67896e-05 239 30. 0.094066 0.080629 17.4833 26.276 2 2459922.9358102 787120132 1 27.6225485048871 46.5346944308073 0.660300581115743 1.19818045420525 -67.3732818198474 83.7961582861949 -0.809429049450754 1.07532439575298 0.438649327263071 18.9789998054504 0.0759999975562096 5.01700019836426 0.462999999523163 2458166.884375 2458276.724259 0
 206 788 12 1 ZTF_r 2168453174515 0 2.1221 262.647 12.3938 26.3085 2.1251e-05 0.0323542 0.129137 3.00521e-05 326 30. 0.091954 0.091255 19.775 26.3085 1 2459922.9531713 788120245 1 209.544681826621 59.3426484094453 3.92793705450347 1.51253195147729 345.762885707369 102.932382696164 3.3817503250026 1.078624593835 0.551987440985924 17.8479999542236 0.0610000006854534 4.52099990844727 0.305999994277954 2458182.832801 2458224.749641 0
 207 787 9 0 ZTF_r 2169364583215 4194304 2.0027 195.839 13.5142 26.2472 3.62373e-05 0.0405153 0.112913 4.90907e-05 307 30. 0.097723 0.078562 19.5985 26.2472 1 2459923.8645833 787120232 1 197.01461122473 61.9956560418987 3.53502082835655 1.33165527156906 160.334941403188 114.39950949355 1.41097463767969 1.05483192093837 0.462397800485168 17.9640001296997 0.0590000003576279 4.32499980926514 0.386999994516373 2458160.745150 2458229.694375 0
 208 787 9 0 ZTF_r 2169365533215 4194304 2.0661 194.476 13.4231 26.2421 2.77351e-05 0.0353004 0.126836 3.75578e-05 305 30. 0.095586 0.08454 19.5742 26.2421 2 2459923.8655324 787120232 1 137.763602238758 56.3772823835291 2.71822344509383 1.75916567437029 108.422901153686 103.248702509723 1.05718651157653 1.05271125295312 0.462397800485168 17.9640001296997 0.0590000003576279 4.32499980926514 0.386999994516373 2458160.745150 2458229.694375 0
 209 788 12 1 ZTF_r 2169366004515 0 2.1678 255.643 13.7284 26.2814 2.35088e-05 0.0340858 0.123267 3.31133e-05 324 30. 0.102942 0.087123 19.5887 26.2814 2 2459923.8660069 788120245 1 145.045305254125 62.7027721858424 2.57318929144222 1.42478523284626 369.007214964395 109.750497322876 3.38488215406515 1.06462758660669 0.551987440985924 17.8479999542236 0.0610000006854534 4.52099990844727 0.305999994277954 2458182.832801 2458224.749641 0
 210 788 12 1 ZTF_g 2169389574515 0 2.331 138.479 14.8136 26.298 3.26543e-05 0.0362374 -0.0558781 6.04876e-05 233 30. 0.101188 0.089679 19.4018 26.298 2 2459923.8895718 788120145 1 -6.7788768070302 74.1644523157823 -0.101675601118662 0.992925298194379 -87.0766793690763 125.653768328458 -0.697656321658615 1.07063635049746 0.559311090529057 18.9760000228882 0.0670000016689301 4.8600001335144 0.347000002861023 2458166.882269 2458272.703889 0
 211 787 9 0 ZTF_g 2169429053215 4194304 2.1865 301.607 14.4495 26.2606 5.34784e-05 0.0451374 -0.0397478 9.42655e-05 229 30. 0.095495 0.083216 17.4741 26.2606 2 2459923.9290509 787120132 1 33.6095096640434 66.1806572487117 0.564918635848582 1.12280463739306 -113.708791070111 118.318657432939 -0.967511200717227 1.07758161442869 0.438649327263071 18.9789998054504 0.0759999975562096 5.01700019836426 0.462999999523163 2458166.884375 2458276.724259 0
 212 787 9 0 ZTF_g 2169429983215 4194304 1.9551 302.673 14.3258 26.2745 3.46396e-05 0.0365512 -0.0709544 5.85854e-05 237 30. 0.100963 0.079487 17.497 26.2745 1 2459923.9299884 787120132 1 126.748252136119 50.030822429792 2.81811776788661 1.06737242324074 241.67718594763 89.5031979102168 2.71839332426901 1.07794712504278 0.438649327263071 18.9789998054504 0.0759999975562096 5.01700019836426 0.462999999523163 2458166.884375 2458276.724259 0
 213 787 9 0 ZTF_r 2169447443215 4194304 2.4258 195.831 12.6886 26.2348 2.52402e-05 0.0334232 0.122687 3.37066e-05 305 30. 0.098601 0.089547 19.6108 26.2348 2 2459923.9474421 787120232 1 181.606377605134 60.9233187959873 3.31590701484819 1.40357447984618 247.726912827982 105.835656830182 2.35643993062745 1.07514609273319 0.462397800485168 17.9640001296997 0.0590000003576279 4.32499980926514 0.386999994516373 2458160.745150 2458229.694375 0
 214 788 12 1 ZTF_r 2169453244515 0 2.0773 263.905 12.0927 26.3154 2.11724e-05 0.0326121 0.13057 2.98618e-05 329 30. 0.088617 0.085003 19.7717 26.3154 2 2459923.9532407 788120245 1 167.236695211098 59.7989704207633 3.11094742247803 1.22690785107094 192.063902349138 103.959493929349 1.85993079105641 1.06966037276492 0.551987440985924 17.8479999542236 0.0610000006854534 4.52099990844727 0.305999994277954 2458182.832801 2458224.749641 0
 215 788 12 1 ZTF_g 2169507534515 0 2.0991 148.024 13.0186 26.3557 3.03015e-05 0.0372855 -0.0562595 5.10427e-05 272 30. 0.096783 0.08926 19.7566 26.3557 2 2459924.0075347 788120145 1 30.1280224610449 56.9696116708543 0.588277405558303 1.27910487377223 104.149218488292 102.412019628459 1.02381214477963 1.07318166350714 0.559311090529057 18.9760000228882 0.0670000016689301 4.8600001335144 0.347000002861023 2458166.882269 2458272.703889 0
 216 787 9 0 ZTF_r 2174300553215 4194304 2.4741 166.372 11.3894 26.0337 4.21307e-05 0.043149 0.142372 5.64166e-05 307 30. 0.116318 0.094653 19.3952 26.0337 2 2459928.8005556 787120232 1 69.0987697832031 68.1953591875598 1.12712036121203 0.939252704338774 87.7972942228713 112.414627489662 0.786273245970593 1.07277892750695 0.462397800485168 17.9640001296997 0.0590000003576279 4.32499980926514 0.386999994516373 2458160.745150 2458229.694375 0
 217 787 9 0 ZTF_g 2174365613215 33554464 2.2 13.3456 15.0102 23.6437 0.00177381 0.0714266 0.047054 0.00461419 32 30. 0.194506 0.124243 16.8713 23.6437 2 2459928.8656134 787120132 1 -1.0760143071747 73.8557983560061 -0.0162064632955551 1.09906957744466 40.7862508179469 127.528142021409 0.321975588391665 1.11991493046517 0.438649327263071 18.9789998054504 0.0759999975562096 5.01700019836426 0.462999999523163 2458166.884375 2458276.724259 0
 218 787 9 0 ZTF_r 2174485693215 4194304 2.1537 184.054 10.2674 26.1296 2.60397e-05 0.0333408 0.126267 3.4802e-05 303 30. 0.092928 0.097361 19.8777 26.1296 2 2459928.9856944 787120232 1 54.2574170217883 45.4534492006205 1.32784404757483 2.54390748353713 15.8180804824395 80.5378966417008 0.197728235136639 1.08355868125354 0.462397800485168 17.9640001296997 0.0590000003576279 4.32499980926514 0.386999994516373 2458160.745150 2458229.694375 0
 219 788 12 1 ZTF_r 2174509304515 0 1.8719 255.752 10.9696 26.2283 1.94867e-05 0.0310204 0.123994 2.74135e-05 327 30. 0.093442 0.088101 20.0232 26.2283 1 2459929.0093056 788120245 1 146.776086281603 41.4005172420716 3.94370423923894 2.00394072946476 183.74490493943 74.7039502320905 2.47620690567552 1.06390795108362 0.551987440985924 17.8479999542236 0.0610000006854534 4.52099990844727 0.305999994277954 2458182.832801 2458224.749641 0
 220 788 12 1 ZTF_r 2174510254515 0 1.7685 259.324 10.9081 26.2327 2.26603e-05 0.0336087 0.117734 3.19393e-05 327 30. 0.091404 0.089281 20.0275 26.2327 2 2459929.0102546 788120245 1 291.233878014166 39.3663715668095 8.22945940023907 1.93552589953567 457.8673341916 71.139292105307 6.47955698446356 1.06156667714051 0.551987440985924 17.8479999542236 0.0610000006854534 4.52099990844727 0.305999994277954 2458182.832801 2458224.749641 0
 221 788 12 1 ZTF_g 2174530124515 0 2.5107 142.035 9.9101 26.2519 2.78959e-05 0.0361944 -0.0320651 4.56146e-05 282 30. 0.10567 0.09804 19.8656 26.2519 1 2459929.0301273 788120145 1 115.392035871005 49.2960078603813 2.60386753338061 1.03945779487852 124.261105381298 81.5990204378919 1.53308226500843 1.09585809836028 0.559311090529057 18.9760000228882 0.0670000016689301 4.8600001335144 0.347000002861023 2458166.882269 2458272.703889 0
 222 787 9 0 ZTF_g 2174544093215 4194304 2.8303 121.571 10.5157 26.1272 4.31882e-05 0.0408735 -0.0306599 7.05449e-05 236 30. 0.10109 0.094209 19.5658 26.1272 2 2459929.0440972 787120132 1 9.99729681689828 51.3877459441637 0.216410246208587 1.04313845773387 -69.5085460332419 83.2614643111078 -0.840445104694227 1.12358817920614 0.438649327263071 18.9789998054504 0.0759999975562096 5.01700019836426 0.462999999523163 2458166.884375 2458276.724259 0
 223 788 12 1 ZTF_g 2175371704515 0 3.0997 121.443 8.70176 26.1116 5.02496e-05 0.0458326 -0.0402587 9.2565e-05 248 30. 0.112438 0.097852 19.5961 26.1116 2 2459929.8717014 788120145 1 64.7893924096944 53.4835601541968 1.34752986687713 0.979600664516905 91.030965352582 77.7849343064015 1.17817241807644 1.10226598532178 0.559311090529057 18.9760000228882 0.0670000016689301 4.8600001335144 0.347000002861023 2458166.882269 2458272.703889 0
 224 787 9 0 ZTF_r 2176312763215 39845888 2.4161 57.0906 7.11673 24.788 0.00010133 0.0595513 0.160794 0.000144415 228 30. 0.182049 0.123355 18.7108 24.788 2 2459930.8127662 787120232 0 0.65926126573154 0.785746997202794 0.933317977009225 0.706644347420919 20.5791499644533 19.6006888037738 1.05699100326997 1.06833550302056 0.462397800485168 17.9640001296997 0.0590000003576279 4.32499980926514 0.386999994516373 2458160.745150 2458229.694375 56
 225 787 9 0 ZTF_g 2176372983215 4194304 2.3933 116.845 6.81526 26.2153 2.83702e-05 0.0353232 -0.0623825 4.01512e-05 291 30. 0.107037 0.086114 20.1592 26.2153 2 2459930.8729861 787120132 1 13.3658765515871 36.9399016128283 0.402491313866062 1.21370867402054 -26.9705895337738 61.8004469159109 -0.439353424789614 1.07885717605952 0.438649327263071 18.9789998054504 0.0759999975562096 5.01700019836426 0.462999999523163 2458166.884375 2458276.724259 0
 226 788 12 1 ZTF_g 2176373934515 0 2.3749 143.633 7.20609 26.2999 2.31553e-05 0.0335897 -0.0811868 3.42714e-05 312 30. 0.100464 0.090442 20.1908 26.2999 2 2459930.8739352 788120145 1 14.963348282639 39.618724109194 0.420129425641993 0.988157098349179 11.8255418734576 66.7639206278639 0.178317682161228 1.07190959227745 0.559311090529057 18.9760000228882 0.0670000016689301 4.8600001335144 0.347000002861023 2458166.882269 2458272.703889 0
 227 787 9 0 ZTF_r 2176471163215 4194304 3.0267 202.567 7.32257 26.278 3.62853e-05 0.0397162 0.124649 4.82663e-05 302 30. 0.103782 0.117923 20.129 26.278 1 2459930.971169 787120232 1 95.125129735263 43.9783068402095 2.40608828248792 1.25179017156629 124.714414214691 67.2812066490672 1.86611357350856 1.14190605204039 0.462397800485168 17.9640001296997 0.0590000003576279 4.32499980926514 0.386999994516373 2458160.745150 2458229.694375 0
 228 787 9 0 ZTF_g 2176492693215 4194304 3.0061 71.2834 6.59768 25.6429 5.68234e-05 0.0428938 -0.0313792 0.000103922 196 30. 0.127424 0.111894 19.5272 25.6429 1 2459930.9926968 787120132 1 -8.22228764451996 39.3040238134325 -0.232707538673815 1.09791309619337 -48.9875123185457 58.8969427994854 -0.837351544721164 1.152677986277 0.438649327263071 18.9789998054504 0.0759999975562096 5.01700019836426 0.462999999523163 2458166.884375 2458276.724259 0
 229 788 12 1 ZTF_g 2176541384515 0 2.9796 153.052 7.16839 26.3334 3.05337e-05 0.0377418 -0.0194634 4.75813e-05 295 30. 0.100938 0.099901 20.0638 26.3334 2 2459931.0413889 788120145 1 85.1762133163676 45.2007517787886 2.09617468472041 0.972787945397967 108.175870818968 66.4349887296632 1.63926334022537 1.13193962823407 0.559311090529057 18.9760000228882 0.0670000016689301 4.8600001335144 0.347000002861023 2458166.882269 2458272.703889 0
 230 788 12 1 ZTF_r 2177517284515 0 2.1854 193.834 9.03368 25.9226 3.3622e-05 0.0405013 0.124546 4.67835e-05 325 30. 0.095703 0.10719 19.8195 25.9226 1 2459932.0172801 788120245 1 144.355080649944 43.0908519207107 3.72650573960146 1.13517017699659 260.272156108948 77.1845750387355 3.39478586134054 1.0743825382222 0.551987440985924 17.8479999542236 0.0610000006854534 4.52099990844727 0.305999994277954 2458182.832801 2458224.749641 0
 231 788 12 1 ZTF_g 2177527604515 0 2.0958 125.203 7.08505 26.1305 2.29031e-05 0.0337316 -0.0465372 3.32036e-05 319 30. 0.094547 0.093186 20.2721 26.1305 2 2459932.0276042 788120145 1 90.88649026656 30.2583968039454 3.34124421617322 1.29980529042524 136.441195689777 53.1736221301393 2.58323825780946 1.07864298590647 0.559311090529057 18.9760000228882 0.0670000016689301 4.8600001335144 0.347000002861023 2458166.882269 2458272.703889 0
 232 788 12 1 ZTF_g 2178325624515 0 2.2925 131.823 6.26929 26.2765 1.92655e-05 0.0308669 -0.0984157 2.73148e-05 324 30. 0.103343 0.073645 20.3258 26.2765 2 2459932.825625 788120145 1 1.23852732874602 30.1325171837091 0.0457219750319233 1.32490093905332 15.8420729018401 53.4352091233154 0.298469313322987 1.05050877458399 0.559311090529057 18.9760000228882 0.0670000016689301 4.8600001335144 0.347000002861023 2458166.882269 2458272.703889 0
 233 787 9 0 ZTF_g 2178326573215 4194304 2.2938 112.3 6.04639 26.1646 2.64002e-05 0.0341709 -0.0649307 3.63053e-05 299 30. 0.107445 0.079718 20.2713 26.1646 2 2459932.8265741 787120132 1 66.6274014094701 31.4497920924771 2.35662183705205 1.43918251283483 77.9527293886653 54.5435553892703 1.43880876385882 1.06505649256619 0.438649327263071 18.9789998054504 0.0759999975562096 5.01700019836426 0.462999999523163 2458166.884375 2458276.724259 0
 234 788 12 1 ZTF_g 2178491164515 0 2.3859 152.7 5.94772 26.3509 1.85951e-05 0.0304695 -0.0553583 2.6472e-05 324 30. 0.093801 0.08655 20.6414 26.3509 2 2459932.991169 788120145 1 45.4834137742824 29.4644605623996 1.71715445152239 1.26304841170265 105.918626981469 50.5178310173099 2.11077936009703 1.08855313663962 0.559311090529057 18.9760000228882 0.0670000016689301 4.8600001335144 0.347000002861023 2458166.882269 2458272.703889 0
 235 787 9 0 ZTF_g 2178492103215 4194304 3.1285 125.126 5.55555 26.2668 2.94988e-05 0.0357787 -0.0432889 4.11818e-05 294 30. 0.108292 0.101479 20.4355 26.2668 2 2459932.9921065 787120132 1 67.2657361249005 36.327085053855 2.05976725463851 1.15383884333763 -2.07242853581586 56.5282360836855 -0.036908748720778 1.1508262060482 0.438649327263071 18.9789998054504 0.0759999975562096 5.01700019836426 0.462999999523163 2458166.884375 2458276.724259 0
 236 788 12 1 ZTF_r 2178544024515 33554432 1.9872 284.86 7.36567 26.5097 5.92589e-05 0.0498421 0.13409 8.26389e-05 282 30. 0.094358 0.116436 20.5893 26.5097 2 2459933.0440278 788120245 1 103.763839258864 32.5227920020049 3.54905730461123 2.08262783271369 108.435858271968 54.0459189570627 2.01987832056302 1.09943575257363 0.551987440985924 17.8479999542236 0.0610000006854534 4.52099990844727 0.305999994277954 2458182.832801 2458224.749641 0
 237 787 9 0 ZTF_g 2179339403215 33554432 2.3567 16.5811 8.49237 24.1264 0.000808626 0.0805764 -0.00458889 0.00189975 75 30. 0.151788 0.102239 17.8345 24.1264 1 2459933.8394097 787120132 1 15.7591305502046 48.831474686717 0.358994020080764 0.89538125403774 -122.04789614414 80.5004668877192 -1.52632525620084 1.10173211322264 0.438649327263071 18.9789998054504 0.0759999975562096 5.01700019836426 0.462999999523163 2458166.884375 2458276.724259 0
 238 788 12 1 ZTF_g 2179342294515 33554480 2.2528 3.6188 9.17901 22.83 0.0375333 0.0393474 -0.665492 0.109543 6 30. 0.169297 0.128965 16.478 22.83 2 2459933.8422917 788120145 1 0.600288126430604 48.8431383429103 0.0136713371362826 0.924783943048936 97.6867254472994 83.7985579560916 1.17358405159089 1.12510868977413 0.559311090529057 18.9760000228882 0.0670000016689301 4.8600001335144 0.347000002861023 2458166.882269 2458272.703889 0
 239 788 12 1 ZTF_r 2179391334515 0 1.7927 206.467 8.2489 26.0232 2.09483e-05 0.0322176 0.131948 2.9495e-05 325 30. 0.090159 0.081595 20.0427 26.0232 2 2459933.891331 788120245 1 108.041918024296 35.4590044765879 3.38938222898857 1.9008242992481 81.5794044264749 65.4981491014428 1.25391095070107 1.06162109265671 0.551987440985924 17.8479999542236 0.0610000006854534 4.52099990844727 0.305999994277954 2458182.832801 2458224.749641 0
 240 787 9 0 ZTF_r 2179404273215 4194304 1.8391 121.985 8.9829 25.7403 2.56464e-05 0.0336478 0.120512 3.44573e-05 307 30. 0.094615 0.077465 19.5913 25.7403 1 2459933.9042708 787120232 1 90.3356006689424 38.6776488107901 2.59808689338852 1.41893918136457 56.8950715343408 72.5978635356955 0.788980010223225 1.05208421151572 0.462397800485168 17.9640001296997 0.0590000003576279 4.32499980926514 0.386999994516373 2458160.745150 2458229.694375 0
 241 787 9 0 ZTF_r 2179405213215 37748736 1.8736 103.022 9.48372 25.5651 3.19615e-05 0.0380647 0.109459 4.32323e-05 308 30. 0.09507 0.078932 19.3384 25.5651 2 2459933.9052199 787120232 1 49.9406316295324 42.7235902116852 1.30029260038685 1.29254324225078 44.7410205999529 81.7700245620232 0.55084187866055 1.04841637508643 0.462397800485168 17.9640001296997 0.0590000003576279 4.32499980926514 0.386999994516373 2458160.745150 2458229.694375 0
 242 788 12 1 ZTF_g 2179430234515 0 2.4227 109.072 6.60409 26.0103 2.61518e-05 0.0353846 -0.0323447 4.01828e-05 302 30. 0.093244 0.092123 20.0763 26.0103 1 2459933.9302315 788120145 1 25.4359005517618 32.7116792810828 0.864966086167679 1.20668032513156 -10.5399729163314 53.7437606579868 -0.197436132314317 1.10655526411772 0.559311090529057 18.9760000228882 0.0670000016689301 4.8600001335144 0.347000002861023 2458166.882269 2458272.703889 0
 243 787 9 0 ZTF_r 2179477613215 37748736 2.6475 99.8267 9.48667 25.4938 5.46464e-05 0.0491755 0.118839 7.3489e-05 305 30. 0.102733 0.097786 19.3338 25.4938 2 2459933.9776157 787120232 1 37.0973662834278 43.7536888695312 0.943155289983584 1.24164007418292 -73.8822672333284 79.8063576358471 -0.932004300877211 1.08095184126439 0.462397800485168 17.9640001296997 0.0590000003576279 4.32499980926514 0.386999994516373 2458160.745150 2458229.694375 0
 244 788 12 1 ZTF_r 2179491754515 33554432 2.4969 106.197 10.3196 25.2933 5.19696e-05 0.0483605 0.118981 7.28479e-05 302 30. 0.109588 0.097395 18.875 25.2933 1 2459933.9917593 788120245 1 48.7401938327598 49.566538603983 1.09383914502473 1.08106095208106 123.939204879861 86.3053525786897 1.44572658389633 1.07373221066371 0.551987440985924 17.8479999542236 0.0610000006854534 4.52099990844727 0.305999994277954 2458182.832801 2458224.749641 0
 245 788 12 1 ZTF_r 2179520304515 33554432 2.2874 79.9485 10.6709 24.9521 7.71852e-05 0.0516516 0.142866 0.000112008 231 30. 0.124207 0.10867 18.4898 24.9521 2 2459934.0203009 788120245 1 40.9369012321271 54.5530245455787 0.834739437483501 1.15172883733578 -33.8173530553992 91.4462701425594 -0.372296374918641 1.10365878912802 0.551987440985924 17.8479999542236 0.0610000006854534 4.52099990844727 0.305999994277954 2458182.832801 2458224.749641 0
 246 788 12 1 ZTF_g 2180329324515 0 2.2708 132.208 6.21746 26.2768 2.23964e-05 0.0337362 -0.0929981 3.18345e-05 327 30. 0.105855 0.082026 20.3474 26.2768 2 2459934.8293287 788120145 1 35.6788482405938 29.4916702828491 1.34575579182148 1.27948039112196 56.926085167566 51.6681515971216 1.10918397223251 1.05355275251314 0.559311090529057 18.9760000228882 0.0670000016689301 4.8600001335144 0.347000002861023 2458166.882269 2458272.703889 0
 247 787 9 0 ZTF_g 2180332153215 4194304 2.2138 288.164 6.56398 26.1802 2.83244e-05 0.0356046 -0.0718599 3.85264e-05 305 30. 0.104806 0.082763 17.4836 26.1802 2 2459934.8321528 787120132 1 51.4787145823488 35.5178225401161 1.61226401992993 1.31471482801893 66.3293125624963 63.3353063603164 1.05432574872165 1.07771378655855 0.438649327263071 18.9789998054504 0.0759999975562096 5.01700019836426 0.462999999523163 2458166.884375 2458276.724259 0
 248 787 9 0 ZTF_r 2180392383215 4194304 2.8977 198.28 6.47584 26.2441 2.12661e-05 0.0305507 0.118237 2.85129e-05 302 30. 0.110688 0.086116 20.0962 26.2441 2 2459934.8923843 787120232 1 140.358031687662 39.3862530316837 3.96412557642655 1.27880542661966 187.31808502387 59.6840276485761 3.15963400148203 1.09980387240443 0.462397800485168 17.9640001296997 0.0590000003576279 4.32499980926514 0.386999994516373 2458160.745150 2458229.694375 0
 249 788 12 1 ZTF_r 2180428484515 0 3.3219 263.134 6.805 26.2974 2.17068e-05 0.0328164 0.1289 3.05983e-05 329 30. 0.104977 0.091255 20.0036 26.2974 2 2459934.9284838 788120245 1 155.235014061803 45.4895292051979 3.79605979122198 1.06174187871953 160.994836962938 65.1689773425315 2.4870598413845 1.12224188429312 0.551987440985924 17.8479999542236 0.0610000006854534 4.52099990844727 0.305999994277954 2458182.832801 2458224.749641 0
 250 787 9 0 ZTF_r 2180499913215 4194304 3.5021 202.633 6.18214 26.2768 2.84595e-05 0.0351305 0.120724 3.79609e-05 304 30. 0.133742 0.105622 20.0325 26.2768 2 2459934.999919 787120232 1 163.796701839703 44.4056931183308 4.1031869096204 1.08363492530255 218.17115978719 60.8412478950655 3.610059995476 1.1698030690198 0.462397800485168 17.9640001296997 0.0590000003576279 4.32499980926514 0.386999994516373 2458160.745150 2458229.694375 0
 251 788 12 1 ZTF_r 2180544314515 0 2.9501 269.08 6.61511 26.3085 1.81329e-05 0.0299118 0.131102 2.5569e-05 326 30. 0.097904 0.09856 20.1779 26.3085 2 2459935.0443171 788120245 1 -4.12011370016674 36.1696337791751 -0.126712625817528 1.44261623087328 92.1153096309416 56.2166973921202 1.64961151834135 1.10083273557879 0.551987440985924 17.8479999542236 0.0610000006854534 4.52099990844727 0.305999994277954 2458182.832801 2458224.749641 0
 252 787 9 0 ZTF_r 2181282513215 4194304 2.0093 172.267 8.9033 26.0938 1.89219e-05 0.0294049 0.122362 2.58257e-05 309 30. 0.097692 0.081105 19.9042 26.0938 2 2459935.7825116 787120232 1 103.582369994369 41.2244158736059 2.79502781401761 1.70192369515128 184.653322240477 74.7214603639674 2.48786589668184 1.06012318634582 0.462397800485168 17.9640001296997 0.0590000003576279 4.32499980926514 0.386999994516373 2458160.745150 2458229.694375 0
 253 787 9 0 ZTF_g 2181321433215 4194304 2.2351 85.6921 6.96019 25.876 4.07901e-05 0.0416369 -0.0368919 6.50668e-05 264 30. 0.103808 0.081613 19.9157 25.876 1 2459935.8214352 787120132 1 -32.3363839769816 38.1117328502054 -0.943816485315918 1.13253799424967 -44.9915080807141 66.6086495235754 -0.680009710453423 1.09103136504239 0.438649327263071 18.9789998054504 0.0759999975562096 5.01700019836426 0.462999999523163 2458166.884375 2458276.724259 0
 254 788 12 1 ZTF_g 2181341774515 0 2.1836 123.918 6.53682 26.164 2.13171e-05 0.0324407 -0.053855 3.20636e-05 309 30. 0.101757 0.085564 20.2756 26.164 1 2459935.8417708 788120145 1 23.0500023425216 31.1494716355981 0.823142623198952 1.4008269911772 13.9937191584219 53.8263626531895 0.261729884162002 1.07689501977623 0.559311090529057 18.9760000228882 0.0670000016689301 4.8600001335144 0.347000002861023 2458166.882269 2458272.703889 0
 255 788 12 1 ZTF_g 2181345574515 0 2.1597 136.434 6.2245 26.2726 1.67061e-05 0.0289741 -0.0622099 2.40035e-05 320 30. 0.094319 0.0842 20.4219 26.2726 2 2459935.8455787 788120145 1 11.8347626443085 32.5610560157786 0.404311292924194 1.28113118836236 37.7427613954046 56.9725282170284 0.666934788643839 1.0696820642037 0.559311090529057 18.9760000228882 0.0670000016689301 4.8600001335144 0.347000002861023 2458166.882269 2458272.703889 0
 256 787 9 0 ZTF_g 2181346993215 4194304 2.5694 295.155 6.42027 26.1841 2.56805e-05 0.0341155 -0.0533222 3.60571e-05 301 30. 0.102326 0.082436 19.0039 26.1841 2 2459935.8469907 787120132 1 32.3765197669479 28.4126325933417 1.26757448635538 1.39127646600918 -23.9476414028933 49.5204105766045 -0.486848349293719 1.08964769259042 0.438649327263071 18.9789998054504 0.0759999975562096 5.01700019836426 0.462999999523163 2458166.884375 2458276.724259 0
 257 788 12 1 ZTF_g 2181500374515 0 1.923 148.659 5.30539 26.3775 2.84689e-05 0.0376269 -0.0430824 4.02911e-05 322 30. 0.090145 0.101267 20.7645 26.3775 2 2459936.0003704 788120145 1 69.5763188991229 26.4145905583492 2.93003201347679 1.93264228817515 93.3257090794984 45.1742953995394 2.07981690181698 1.098379778539 0.559311090529057 18.9760000228882 0.0670000016689301 4.8600001335144 0.347000002861023 2458166.882269 2458272.703889 0
 258 787 9 0 ZTF_g 2182372453215 4194304 2.5943 119.819 5.68863 26.2381 2.13763e-05 0.031299 -0.0754937 2.91665e-05 308 30. 0.101892 0.078938 20.5307 26.2381 2 2459936.8724537 787120132 1 70.1216042994863 26.6369203004215 2.92834764410591 2.00413646870224 95.9835962290243 46.4422464467223 2.08064981057466 1.08060291970562 0.438649327263071 18.9789998054504 0.0759999975562096 5.01700019836426 0.462999999523163 2458166.884375 2458276.724259 0
 259 788 12 1 ZTF_g 2182373394515 0 2.1836 141.147 5.66375 26.3076 1.78486e-05 0.0298793 -0.0602847 2.54794e-05 323 30. 0.096465 0.085326 20.5685 26.3076 2 2459936.8733912 788120145 1 -25.7263733249858 27.1568802515392 -1.05378858875845 1.27822097667549 -33.3470786219133 47.4177614191826 -0.707997849545715 1.07380077988357 0.559311090529057 18.9760000228882 0.0670000016689301 4.8600001335144 0.347000002861023 2458166.882269 2458272.703889 0
 260 787 9 0 ZTF_r 2182486753215 4194304 2.304 204.586 5.9187 26.2673 1.87057e-05 0.028654 0.120812 2.491e-05 305 30. 0.100902 0.088161 20.4572 26.2673 2 2459936.9867593 787120232 1 148.316373079176 31.917140042085 5.16915944825243 1.92372450457836 143.947016782551 52.9708229938603 2.7357798129615 1.08481922365723 0.462397800485168 17.9640001296997 0.0590000003576279 4.32499980926514 0.386999994516373 2458160.745150 2458229.694375 0
 261 788 12 1 ZTF_g 2182517084515 0 2.9414 148.713 5.34662 26.3635 1.90295e-05 0.0308318 -0.05148 2.71054e-05 326 30. 0.096274 0.100602 20.6052 26.3635 2 2459937.0170833 788120145 1 52.4575312200847 28.8250694547301 2.02438115805457 1.40594542528083 105.260300843277 46.9577616763551 2.25669263701206 1.10310044675656 0.559311090529057 18.9760000228882 0.0670000016689301 4.8600001335144 0.347000002861023 2458166.882269 2458272.703889 0
 262 787 9 0 ZTF_g 2182518963215 4194304 2.8355 126.901 5.11542 26.2822 2.55582e-05 0.0337649 -0.0631185 3.48224e-05 305 30. 0.109471 0.093716 20.6355 26.2822 2 2459937.0189699 787120132 1 42.6937216458793 28.0470630577715 1.69329031519035 1.61525075613543 13.2650474210444 46.5712306919939 0.286751886952478 1.10565487848942 0.438649327263071 18.9789998054504 0.0759999975562096 5.01700019836426 0.462999999523163 2458166.884375 2458276.724259 0
 263 787 9 0 ZTF_r 2183281083215 4194304 3.2355 189.618 8.15494 26.1899 4.0507e-05 0.0425687 0.12779 5.46405e-05 304 30. 0.137049 0.104609 19.7009 26.1899 2 2459937.781088 787120232 1 156.98718141995 56.1691815724002 3.10900125454068 0.976567251876912 169.021082532478 78.5490720325431 2.16628210677587 1.12339824179085 0.462397800485168 17.9640001296997 0.0590000003576279 4.32499980926514 0.386999994516373 2458160.745150 2458229.694375 0
 264 788 12 1 ZTF_r 2183294844515 33554432 4.0726 254.807 7.99468 26.2643 6.33158e-05 0.0558425 0.130638 8.89992e-05 325 30. 0.155551 0.162674 19.5839 26.2643 2 2459937.7948495 788120245 1 176.919419392561 57.6717006534143 3.41245983382713 1.3345079843551 231.372495995573 72.8527835642908 3.19728075815447 1.16118931979717 0.551987440985924 17.8479999542236 0.0610000006854534 4.52099990844727 0.305999994277954 2458182.832801 2458224.749641 0
 265 787 9 0 ZTF_r 2183392473215 4194304 3.1023 201.239 6.61655 26.2579 2.77555e-05 0.0352634 0.118812 3.75409e-05 305 30. 0.116942 0.100613 20.0279 26.2579 1 2459937.8924769 787120232 1 83.5034837992718 43.5642792940452 2.13220453256071 1.05876746551638 -26.5051654206226 62.8798972658007 -0.424359459779455 1.11386350943481 0.462397800485168 17.9640001296997 0.0590000003576279 4.32499980926514 0.386999994516373 2458160.745150 2458229.694375 0
 266 788 12 1 ZTF_r 2183395864515 0 4.0346 265.678 6.83339 26.3112 2.57942e-05 0.0360902 0.124247 3.61376e-05 328 30. 0.117931 0.106612 19.7985 26.3112 1 2459937.8958681 788120245 1 106.537922691745 51.740746407194 2.29047911473311 1.08328784163927 98.9309963459007 65.9340503785543 1.51055944123632 1.1907289329542 0.551987440985924 17.8479999542236 0.0610000006854534 4.52099990844727 0.305999994277954 2458182.832801 2458224.749641 0
 267 787 9 0 ZTF_g 2183411083215 4194304 3.9945 122.985 5.23561 26.2671 5.17438e-05 0.0458339 -0.0597006 8.57538e-05 245 30. 0.131857 0.102167 20.106 26.2671 2 2459937.911088 787120132 1 47.5097607707413 40.260234980399 1.31268746866538 0.98223873260553 41.4291248179039 52.1015893861644 0.800515931443907 1.20321338414939 0.438649327263071 18.9789998054504 0.0759999975562096 5.01700019836426 0.462999999523163 2458166.884375 2458276.724259 0
 268 788 12 1 ZTF_g 2183415904515 0 3.3611 146.257 5.43442 26.3522 3.33024e-05 0.0403116 -0.0561907 5.05965e-05 307 30. 0.112497 0.092166 20.243 26.3522 2 2459937.9159028 788120145 1 46.5873270623188 37.175321929445 1.39401631503714 1.02715587120538 39.1951220535129 51.4155552709924 0.767454581549431 1.13618326134706 0.559311090529057 18.9760000228882 0.0670000016689301 4.8600001335144 0.347000002861023 2458166.882269 2458272.703889 0
 269 788 12 1 ZTF_g 2183449564515 0 2.3447 149.522 5.30184 26.3551 1.58358e-05 0.0283476 -0.0559295 2.22905e-05 330 30. 0.090063 0.079326 20.7128 26.3551 1 2459937.9495602 788120145 1 49.1488959618407 26.3868885418865 2.07195531604605 1.71021523452388 38.7999268736401 46.1672878013047 0.846080601086999 1.0778138227082 0.559311090529057 18.9760000228882 0.0670000016689301 4.8600001335144 0.347000002861023 2458166.882269 2458272.703889 0
 270 788 12 1 ZTF_r 2183513534515 33554432 2.9702 288.646 6.23073 26.569 0.000103463 0.0718918 0.136064 0.000145956 328 30. 0.101555 0.096605 20.4478 26.569 2 2459938.0135301 788120245 1 -46.9012387361923 38.3815764951429 -1.35930309352308 1.44008726794882 -153.549347469526 58.4755465603809 -2.64355820940571 1.1048030013578 0.551987440985924 17.8479999542236 0.0610000006854534 4.52099990844727 0.305999994277954 2458182.832801 2458224.749641 0
 271 787 9 0 ZTF_r 2197246933215 37748736 3.0425 190.629 19.0821 26.1853 7.02205e-05 0.0506072 0.142717 9.60058e-05 251 30. 0.123984 0.108144 18.8326 26.1853 2 2459951.7469329 787120232 1 100.661863717186 111.29084209614 1.00614445820032 1.01320789310766 187.918456331092 162.808710041242 1.16200231485423 1.11339207651873 0.462397800485168 17.9640001296997 0.0590000003576279 4.32499980926514 0.386999994516373 2458160.745150 2458229.694375 0
 272 788 12 1 ZTF_r 2197285554515 0 3.6138 257.904 17.5458 26.2668 6.26917e-05 0.0475005 0.132336 9.04629e-05 242 30. 0.147646 0.122956 18.8682 26.2668 2 2459951.7855556 788120245 1 65.2381231985015 128.220588695758 0.56597662247753 0.961882038657746 -118.865377647379 172.521496923455 -0.693629170501787 1.16149767943224 0.551987440985924 17.8479999542236 0.0610000006854534 4.52099990844727 0.305999994277954 2458182.832801 2458224.749641 0
 273 787 9 0 ZTF_g 2197341463215 4194304 3.5853 120.864 18.6144 26.2619 0.00010214 0.0449022 -0.0534388 0.000190967 128 30. 0.145892 0.117094 18.8522 26.2619 2 2459951.8414699 787120132 1 30.0819731009612 129.425376710821 0.258548297254156 0.9362915365786 12.2459028213748 178.363983231985 0.0691192215942442 1.17819179999932 0.438649327263071 18.9789998054504 0.0759999975562096 5.01700019836426 0.462999999523163 2458166.884375 2458276.724259 0
 274 788 12 1 ZTF_g 2197342404515 0 3.5753 141.627 19.0007 26.318 6.94396e-05 0.0388325 -0.0396733 0.000126912 139 30. 0.127382 0.108533 18.8194 26.318 2 2459951.8424074 788120145 1 -331.075869464477 127.509497152357 -2.8882833473477 1.08036530501102 -377.598560379532 169.749030557898 -2.23943375204801 1.16515142089692 0.559311090529057 18.9760000228882 0.0670000016689301 4.8600001335144 0.347000002861023 2458166.882269 2458272.703889 0
 275 1822 2 1 ZTF_g 2197367520515 0 3.2525 570.986 18.662 26.4199 6.0227e-05 0.0423922 -0.113897 0.000113181 162 30. 0.122279 0.102755 18.9955 26.4199 2 2459951.8675231 1822120105 1 36.536156236574 104.643797963065 0.388386533467485 0.942311980155875 97.4751297940045 154.335286457797 0.635834051004427 1.05229521620115 0.568315535857558 18.9919998168945 0.0560000017285347 3.56699991226196 0.300000011920929 2458205.769931 2459624.785046 0
 276 787 9 0 ZTF_g 2197406673215 4194304 3.4619 124.188 17.2076 26.3011 6.94711e-05 0.0373645 -0.0430685 0.000135644 129 30. 0.139428 0.12956 18.9112 26.3011 2 2459951.9066782 787120132 1 28.8600431644489 121.810877095025 0.263551630312355 1.05522331918526 103.021195294068 163.262956429054 0.635263817587171 1.22028238551515 0.438649327263071 18.9789998054504 0.0759999975562096 5.01700019836426 0.462999999523163 2458166.884375 2458276.724259 0
 277 788 12 1 ZTF_g 2197500204515 0 3.0638 156.44 18.211 26.3738 4.26668e-05 0.0365097 -0.0485012 7.90613e-05 186 30. 0.118082 0.105156 19.0937 26.3738 2 2459952.0002083 788120145 1 -232.843363131805 109.373723064684 -2.36813070523588 1.01953385222848 -282.099513620893 158.899256170487 -1.78729263383706 1.14440209718466 0.559311090529057 18.9760000228882 0.0670000016689301 4.8600001335144 0.347000002861023 2458166.882269 2458272.703889 0
 278 788 12 1 ZTF_g 2199364224515 0 2.1451 76.3181 21.5712 25.7191 0.000141411 0.0548804 -0.019022 0.000273642 141 30. 0.116711 0.094317 18.5062 25.7191 2 2459953.8642245 788120145 1 141.84078402638 99.8758805845156 1.57977524015976 1.0615890744072 187.605713386012 176.588258768494 1.06954590286295 1.06865299538285 0.559311090529057 18.9760000228882 0.0670000016689301 4.8600001335144 0.347000002861023 2458166.882269 2458272.703889 0
 279 1822 2 1 ZTF_r 2202499440515 0 2.2705 614.226 9.56494 26.3748 1.3729e-05 0.0247125 0.0913482 1.82104e-05 292 30. 0.102617 0.07727 19.9806 26.3748 2 2459956.9994444 1822120205 1 64.5500699577004 46.1301719016795 1.55656207698295 1.35608042154428 86.7248232385879 83.2457976910453 1.04880873671052 1.03559878319836 0.449660763777972 17.860000038147 0.0520000010728836 4.66300010681152 0.224999994039536 2458439.889294 2458772.004201 0
 280 1822 2 1 ZTF_g 2202532830515 0 2.9848 577.799 10.0462 26.4325 3.997e-05 0.0405612 -0.119333 6.37223e-05 241 30. 0.109848 0.082242 19.7494 26.4325 2 2459957.0328356 1822120105 1 69.4349041562822 49.1014202711764 1.57303572911965 1.08844320778168 29.2860695332425 77.7638583952827 0.379139017853938 1.03789023212306 0.568315535857558 18.9919998168945 0.0560000017285347 3.56699991226196 0.300000011920929 2458205.769931 2459624.785046 0
 281 788 12 1 ZTF_r 2203262994515 0 2.9476 244.371 8.89471 26.2121 2.64035e-05 0.0362886 0.121065 3.73119e-05 325 30. 0.106147 0.093604 19.7021 26.2121 2 2459957.7629977 788120245 1 101.183675423575 53.3567073601018 2.10948397447619 0.986528197633908 95.9702906029627 80.0572654783097 1.20684431893308 1.08859690905014 0.551987440985924 17.8479999542236 0.0610000006854534 4.52099990844727 0.305999994277954 2458182.832801 2458224.749641 0
 282 788 12 1 ZTF_g 2203358344515 0 1.8969 114.832 10.1863 26.0854 3.03163e-05 0.0376201 -0.0661579 5.01187e-05 279 30. 0.097976 0.082477 19.7862 26.0854 2 2459957.8583449 788120145 1 -7.87821081822133 45.9753981479513 -0.190614924041097 1.17944477802509 -79.4021048720558 83.8813396626741 -0.952975750485451 1.06456921808977 0.559311090529057 18.9760000228882 0.0670000016689301 4.8600001335144 0.347000002861023 2458166.882269 2458272.703889 0
 283 787 9 0 ZTF_g 2203409033215 4194304 2.3107 239.909 14.3736 26.0133 3.55598e-05 0.0378243 -0.0484969 5.8838e-05 245 30. 0.096647 0.088593 17.6877 26.0133 2 2459957.9090394 787120132 1 -4.10235436386528 36.6047124922917 -0.124666846307123 1.14464829537755 53.25192176734 64.5062527183927 0.83109116194253 1.09130695884132 0.438649327263071 18.9789998054504 0.0759999975562096 5.01700019836426 0.462999999523163 2458166.884375 2458276.724259 0
 284 787 9 0 ZTF_r 2203423793215 4194304 2.5106 180.425 9.57711 26.1509 3.74761e-05 0.0405773 0.111566 5.06021e-05 304 30. 0.096685 0.102759 19.928 26.1509 2 2459957.9237963 787120232 1 152.740526361115 45.024293653081 3.7736548497271 1.89901774005992 188.090398228083 79.1127817844614 2.3935095393031 1.08134709091995 0.462397800485168 17.9640001296997 0.0590000003576279 4.32499980926514 0.386999994516373 2458160.745150 2458229.694375 0
 285 787 9 0 ZTF_r 2203427853215 4194304 2.1592 178.733 9.7038 26.1313 2.36158e-05 0.0324522 0.116225 3.18336e-05 306 30. 0.093782 0.093912 19.8817 26.1313 1 2459957.9278588 787120232 1 66.439286316853 48.4792977289473 1.52448599765956 1.48219554536351 15.2575142262139 86.3710463592379 0.177840550854046 1.07853039683438 0.462397800485168 17.9640001296997 0.0590000003576279 4.32499980926514 0.386999994516373 2458160.745150 2458229.694375 0
 286 787 9 0 ZTF_g 2203447823215 4194304 2.5058 118.069 8.89482 26.1969 3.04658e-05 0.0358905 -0.0449338 4.68612e-05 265 30. 0.102332 0.097771 20.0262 26.1969 1 2459957.9478241 787120132 1 16.0467505798513 48.2728777735878 0.369775994230025 1.15771844232291 52.965050512086 81.5698889254681 0.653694321238383 1.11473186242274 0.438649327263071 18.9789998054504 0.0759999975562096 5.01700019836426 0.462999999523163 2458166.884375 2458276.724259 0
 287 788 12 1 ZTF_g 2203448784515 0 2.1031 140.118 9.86347 26.2605 3.78782e-05 0.0420369 -0.0318144 6.03283e-05 287 30. 0.099728 0.089199 19.9984 26.2605 1 2459957.9487847 788120145 1 55.5335397484868 46.4169498284063 1.33086363742424 1.03374263290552 62.7088208635674 79.4186589309449 0.794916071737282 1.10003547226474 0.559311090529057 18.9760000228882 0.0670000016689301 4.8600001335144 0.347000002861023 2458166.882269 2458272.703889 0
 288 788 12 1 ZTF_r 2203472804515 33554432 2.0051 267.657 10.0934 26.5081 0.000356132 0.114568 0.0990472 0.00050557 241 30. 0.095937 0.103443 20.19 26.5081 1 2459957.9728009 788120245 1 -203.019543445814 50.6342066656725 -4.46014150926761 2.01549491966346 -364.086265538442 87.6502372923368 -4.18183017875937 1.0874453589296 0.551987440985924 17.8479999542236 0.0610000006854534 4.52099990844727 0.305999994277954 2458182.832801 2458224.749641 0
 289 787 9 0 ZTF_g 2203528213215 4194304 2.6229 198.298 20.5433 25.8523 4.90259e-05 0.0401327 -0.0465521 8.83066e-05 196 30. 0.105752 0.097441 17.8313 25.8523 2 2459958.0282176 787120132 1 74.9975535715859 59.5746705455849 1.4003617786315 1.00033637895717 42.437186250918 103.483024146323 0.412850353904697 1.09448009477002 0.438649327263071 18.9789998054504 0.0759999975562096 5.01700019836426 0.462999999523163 2458166.884375 2458276.724259 0
 290 788 12 1 ZTF_g 2203529154515 0 2.3869 95.0966 11.5412 25.8868 2.64372e-05 0.0324012 -0.0473708 4.99746e-05 225 30. 0.1125 0.090604 19.4171 25.8868 2 2459958.0291551 788120145 1 56.4899120318462 53.7791556151555 1.16845427116683 1.06530542144383 143.582009940018 95.746943479987 1.50969877245383 1.07934261981403 0.559311090529057 18.9760000228882 0.0670000016689301 4.8600001335144 0.347000002861023 2458166.882269 2458272.703889 0
 291 787 9 0 ZTF_r 2211265723215 4194304 3.595 194.085 7.1753 26.2155 3.09003e-05 0.0367408 0.120363 4.16623e-05 304 30. 0.11478 0.10408 19.8281 26.2155 2 2459965.7657292 787120232 1 174.543325517268 53.4223484234666 3.63441964903508 1.0734148245267 226.311647013504 73.0590796283908 3.11851545537979 1.15134887748781 0.462397800485168 17.9640001296997 0.0590000003576279 4.32499980926514 0.386999994516373 2458160.745150 2458229.694375 0
 292 787 9 0 ZTF_r 2211395603215 4194304 3.0819 203.16 6.62092 26.2511 2.60445e-05 0.0335592 0.122882 3.49902e-05 301 30. 0.116145 0.113147 20.0089 26.2511 1 2459965.8956019 787120232 1 95.2544221727356 48.3099101040902 2.1933286856613 1.0872765070433 114.844807995437 68.3483168384018 1.69160412037991 1.1812563213925 0.462397800485168 17.9640001296997 0.0590000003576279 4.32499980926514 0.386999994516373 2458160.745150 2458229.694375 0
 293 787 9 0 ZTF_g 2211406773215 4194304 3.2732 125.024 5.37315 26.2774 4.25062e-05 0.0422848 -0.0444879 6.45827e-05 269 30. 0.132455 0.116059 20.216 26.2774 2 2459965.9067708 787120132 1 34.0012141176901 42.5664043978665 0.888550794511785 1.02988710941224 32.8822887875021 59.0411585807004 0.560689418875776 1.19471809983495 0.438649327263071 18.9789998054504 0.0759999975562096 5.01700019836426 0.462999999523163 2458166.884375 2458276.724259 0
 294 787 9 0 ZTF_r 2212266573215 4194304 3.8573 196.655 7.56653 26.2302 4.15948e-05 0.0425695 0.122238 5.60461e-05 300 30. 0.137911 0.131595 19.6631 26.2302 2 2459966.7665741 787120232 1 17.730064208679 56.0458831230593 0.351901722534514 1.10130483349561 45.265720840809 72.5129615278512 0.628447481868851 1.16830827457839 0.462397800485168 17.9640001296997 0.0590000003576279 4.32499980926514 0.386999994516373 2458160.745150 2458229.694375 0
 295 788 12 1 ZTF_r 2212267514515 0 2.9598 271.498 8.79695 26.2833 2.95691e-05 0.0380797 0.125309 4.1493e-05 322 30. 0.117398 0.105641 19.8255 26.2833 2 2459966.7675116 788120245 1 12.8919667656839 49.0841854840855 0.2921678265113 1.14166213108425 -0.257151884541599 74.1698551574493 -0.00349041826668845 1.09540738024862 0.551987440985924 17.8479999542236 0.0610000006854534 4.52099990844727 0.305999994277954 2458182.832801 2458224.749641 0
 296 787 9 0 ZTF_g 2212322683215 4194304 2.5539 123.038 5.79892 26.2674 2.23937e-05 0.0311733 -0.0678557 3.10774e-05 294 30. 0.110438 0.089019 20.3742 26.2674 2 2459966.8226852 787120132 1 19.8244649358564 33.84419452497 0.651586522956841 1.05596328732435 64.4339103565216 55.2031048041936 1.17507659542084 1.10486300228629 0.438649327263071 18.9789998054504 0.0759999975562096 5.01700019836426 0.462999999523163 2458166.884375 2458276.724259 0
 297 787 9 0 ZTF_r 2212390463215 4194304 3.0926 203.422 7.09903 26.2619 2.04546e-05 0.02972 0.123128 2.75649e-05 300 30. 0.103838 0.097589 19.9973 26.2619 2 2459966.890463 787120232 1 42.887713552735 45.4959075863724 1.04861329959321 1.19903196413092 53.6357426610896 67.9332435022534 0.794853589937134 1.11451015257555 0.462397800485168 17.9640001296997 0.0590000003576279 4.32499980926514 0.386999994516373 2458160.745150 2458229.694375 0
 298 787 9 0 ZTF_g 2212403493215 4194304 3.3243 127.49 5.43982 26.298 3.50421e-05 0.0391922 -0.0665237 4.98777e-05 288 30. 0.121521 0.10713 20.3377 26.298 2 2459966.9034954 787120132 1 25.0634843681198 36.1913494647017 0.77035600339996 1.15578374583443 -34.1601184236633 53.3348295606387 -0.644797950418991 1.15702843484827 0.438649327263071 18.9789998054504 0.0759999975562096 5.01700019836426 0.462999999523163 2458166.884375 2458276.724259 0
 299 788 12 1 ZTF_g 2212403984515 0 2.9833 154.387 6.20432 26.3749 2.59092e-05 0.035434 -0.0605049 3.86336e-05 305 30. 0.111969 0.091055 20.256 26.3749 1 2459966.9039815 788120145 1 25.1037874627734 39.0605379054806 0.714917339936998 0.968800201715553 60.1851694798671 57.9073098873813 1.04633629462151 1.11688024743317 0.559311090529057 18.9760000228882 0.0670000016689301 4.8600001335144 0.347000002861023 2458166.882269 2458272.703889 0
 300 788 12 1 ZTF_g 2212404934515 0 2.7492 154.024 6.10538 26.3721 2.24902e-05 0.0329915 -0.0703616 3.23118e-05 314 30. 0.098795 0.088879 20.3893 26.3721 2 2459966.9049306 788120145 1 -31.3810165437317 32.5274157770796 -1.07317920289361 1.16774408637069 -18.5582021600149 51.4218622626046 -0.363331701677673 1.10194135392412 0.559311090529057 18.9760000228882 0.0670000016689301 4.8600001335144 0.347000002861023 2458166.882269 2458272.703889 0
 301 787 9 0 ZTF_g 2213345483215 4194312 5.5878 118.763 5.57617 26.2576 5.88164e-05 0.0413297 -0.0440723 0.000115476 175 30. 0.149625 0.124389 19.6308 26.2576 2 2459967.8454861 787120132 1 53.8405758617372 56.5571898685726 1.05895297472999 0.888583047761342 85.4525529886569 65.8792618217547 1.30584463867098 1.41470011403463 0.438649327263071 18.9789998054504 0.0759999975562096 5.01700019836426 0.462999999523163 2458166.884375 2458276.724259 0
 302 787 9 0 ZTF_r 2213407973215 4194304 3.3863 203.36 6.45124 26.2633 2.49417e-05 0.0331311 0.122382 3.36549e-05 302 30. 0.122436 0.105136 20.0323 26.2633 2 2459967.9079745 787120232 1 68.325806914252 46.5137430908067 1.63402343411387 1.11452341319218 20.466088599287 66.5563274362065 0.309571301139871 1.11999457068947 0.462397800485168 17.9640001296997 0.0590000003576279 4.32499980926514 0.386999994516373 2458160.745150 2458229.694375 0
 303 788 12 1 ZTF_r 2214236964515 0 3.2694 267.07 9.14484 26.261 2.69529e-05 0.0366754 0.132755 3.81751e-05 324 30. 0.112933 0.104004 19.7084 26.261 2 2459968.7369676 788120245 1 182.703148934473 48.9055860296588 4.1556825657574 1.18900956001274 222.853266721497 70.5051392409053 3.18209706001891 1.10821052525337 0.551987440985924 17.8479999542236 0.0610000006854534 4.52099990844727 0.305999994277954 2458182.832801 2458224.749641 0
 304 788 12 1 ZTF_g 2214351004515 0 3.3796 152.964 6.38713 26.3591 3.23891e-05 0.0390176 -0.060516 5.07812e-05 290 30. 0.11159 0.098576 20.1251 26.3591 2 2459968.8510069 788120145 1 48.4424266402254 39.0160781179893 1.38113801528804 1.06853798848311 87.9150744234663 54.657252845007 1.61931277005224 1.12276948432142 0.559311090529057 18.9760000228882 0.0670000016689301 4.8600001335144 0.347000002861023 2458166.882269 2458272.703889 0
 305 788 12 1 ZTF_r 2214388494515 0 3.2649 280.421 7.80724 26.3266 1.92827e-05 0.0307963 0.137305 2.71702e-05 325 30. 0.105843 0.100366 20.1437 26.3266 2 2459968.8884954 788120245 1 48.867659134646 39.7319027671491 1.36816026434521 1.50438138986546 93.2155852305308 63.0694896997516 1.4879365285332 1.1024496710998 0.551987440985924 17.8479999542236 0.0610000006854534 4.52099990844727 0.305999994277954 2458182.832801 2458224.749641 0
 306 788 12 1 ZTF_r 2214391564515 0 2.9608 278.86 7.99486 26.3134 1.99966e-05 0.031257 0.130245 2.81386e-05 323 30. 0.110316 0.09679 19.9533 26.3134 1 2459968.8915625 788120245 1 119.127366211923 49.6681316943052 2.66801653745862 1.12998395348343 151.644814991529 74.1866664460354 2.05786509704435 1.11675867983725 0.551987440985924 17.8479999542236 0.0610000006854534 4.52099990844727 0.305999994277954 2458182.832801 2458224.749641 0
 307 788 12 1 ZTF_g 2214403884515 0 3.018 155.533 6.26333 26.3684 2.03753e-05 0.0313675 -0.0537097 2.99184e-05 309 30. 0.10757 0.095079 20.2597 26.3684 1 2459968.9038889 788120145 1 5.35874197691502 36.2527860243413 0.164428183762147 1.07882274165563 13.1662638014454 53.9237375538685 0.245808987784397 1.11789576027852 0.559311090529057 18.9760000228882 0.0670000016689301 4.8600001335144 0.347000002861023 2458166.882269 2458272.703889 0
 308 788 12 1 ZTF_g 2214433374515 0 2.9768 154.169 5.88778 26.3775 2.63025e-05 0.0359023 -0.0657814 3.85343e-05 312 30. 0.105667 0.094077 20.3077 26.3775 2 2459968.9333796 788120145 1 41.2017989113402 36.411332485857 1.25873528593942 1.08013844287846 35.5837912978009 54.1198225159968 0.661928449024625 1.11266334043229 0.559311090529057 18.9760000228882 0.0670000016689301 4.8600001335144 0.347000002861023 2458166.882269 2458272.703889 0
 309 788 12 1 ZTF_g 2215364104515 0 2.3799 153.764 6.06122 26.3677 2.04611e-05 0.032085 -0.0693169 2.91725e-05 327 30. 0.097055 0.08473 20.4632 26.3677 2 2459969.8641088 788120145 1 82.301826168158 31.5973115279889 2.89743792781846 1.19122601321579 75.5395936502127 52.1072874442885 1.45945722545851 1.0841531786103 0.559311090529057 18.9760000228882 0.0670000016689301 4.8600001335144 0.347000002861023 2458166.882269 2458272.703889 0
 310 787 9 0 ZTF_g 2215365053215 4194304 2.8747 128.441 5.56744 26.2811 3.4566e-05 0.0381312 -0.066595 4.73121e-05 290 30. 0.120605 0.097122 20.3652 26.2811 2 2459969.8650579 787120132 1 26.9593978129269 32.0093223967239 0.936889793197427 1.25456672308124 31.2944506041641 48.8010950762573 0.645584294374461 1.15175940179575 0.438649327263071 18.9789998054504 0.0759999975562096 5.01700019836426 0.462999999523163 2458166.884375 2458276.724259 0
 311 788 12 1 ZTF_g 2215395264515 0 2.6986 155.003 5.9244 26.3804 2.15002e-05 0.0328166 -0.0719238 3.08492e-05 325 30. 0.103723 0.095763 20.4001 26.3804 2 2459969.8952662 788120145 1 52.0988636010775 30.733971824922 1.88566422950986 1.29268164403813 129.994039646503 48.6945778662535 2.68755912295141 1.09708592921135 0.559311090529057 18.9760000228882 0.0670000016689301 4.8600001335144 0.347000002861023 2458166.882269 2458272.703889 0
 312 787 9 0 ZTF_g 2215395743215 4194304 2.7589 127.68 5.29909 26.2959 3.75969e-05 0.040012 -0.0691435 5.31381e-05 287 30. 0.123372 0.101112 20.3748 26.2959 2 2459969.8957407 787120132 1 -5.59441190651575 35.5947257557495 -0.174833072313654 1.10443874503035 -22.9860230972479 52.9340382693794 -0.437163610445584 1.15723706697518 0.438649327263071 18.9789998054504 0.0759999975562096 5.01700019836426 0.462999999523163 2458166.884375 2458276.724259 0
 313 788 12 1 ZTF_r 2216224884515 8 5.6308 247.861 8.37824 26.2726 6.58732e-05 0.0496519 0.128393 9.75443e-05 237 30. 0.145091 0.135322 19.2132 26.2726 2 2459970.7248843 788120245 1 -16.1150458384763 77.4945115863188 -0.231321180957322 1.17562735212221 39.0620832835546 88.2270651416 0.445726814088033 1.42510962039787 0.551987440985924 17.8479999542236 0.0610000006854534 4.52099990844727 0.305999994277954 2458182.832801 2458224.749641 0
 314 788 12 1 ZTF_g 2216279524515 8 4.8699 142.125 6.2456 26.3371 4.7457e-05 0.0418913 -0.0675218 9.32449e-05 216 30. 0.132261 0.108348 19.7125 26.3371 2 2459970.7795255 788120145 1 -0.868669634826459 57.1600236179437 -0.0169050726746298 0.869739003498048 -1.10663744798481 67.2523327585607 -0.0165658300488536 1.26005437908413 0.559311090529057 18.9760000228882 0.0670000016689301 4.8600001335144 0.347000002861023 2458166.882269 2458272.703889 0
 315 788 12 1 ZTF_r 2217329244515 0 2.96 274.533 7.28198 26.3051 1.94239e-05 0.0310744 0.135139 2.72882e-05 328 30. 0.100851 0.094072 20.0954 26.3051 2 2459971.8292477 788120245 1 78.3365390872927 42.1766360070848 2.06608052461805 1.18299123883071 129.569343638431 66.1810100952472 1.97098836108523 1.08994200811578 0.551987440985924 17.8479999542236 0.0610000006854534 4.52099990844727 0.305999994277954 2458182.832801 2458224.749641 0
 316 788 12 1 ZTF_g 2217381794515 0 2.9698 147.314 5.68847 26.3606 2.33686e-05 0.0341781 -0.0569551 3.38638e-05 320 30. 0.104433 0.094662 20.3556 26.3606 2 2459971.881794 788120145 1 24.3908183414771 34.8069904054602 0.779497450755521 1.06821252753237 40.1037810429084 53.1442720081689 0.759703365762425 1.10741124729471 0.559311090529057 18.9760000228882 0.0670000016689301 4.8600001335144 0.347000002861023 2458166.882269 2458272.703889 0
 317 788 12 1 ZTF_g 2217385244515 0 2.9795 147.907 5.69269 26.3725 2.54551e-05 0.0354521 -0.0708807 3.78484e-05 314 30. 0.103007 0.092163 20.3177 26.3725 1 2459971.8852431 788120145 1 76.8522314395402 36.0605741981296 2.37071116625084 1.02719184719066 69.5371436157155 53.7821831520183 1.30164817000653 1.10525003085829 0.559311090529057 18.9760000228882 0.0670000016689301 4.8600001335144 0.347000002861023 2458166.882269 2458272.703889 0
 318 788 12 1 ZTF_r 2217407704515 0 3.2707 278.183 7.20073 26.3147 2.08994e-05 0.032246 0.126853 2.93869e-05 328 30. 0.118971 0.10809 19.9889 26.3147 1 2459971.9077083 788120245 1 54.295996434944 44.3661910012096 1.36135209555718 1.24020869036107 89.3206560670276 65.2493875305065 1.37813149253934 1.10412445760074 0.551987440985924 17.8479999542236 0.0610000006854534 4.52099990844727 0.305999994277954 2458182.832801 2458224.749641 0
 319 788 12 1 ZTF_r 2217427824515 0 3.3075 279.245 7.11365 26.3248 2.3005e-05 0.0336784 0.128791 3.25088e-05 326 30. 0.114718 0.107453 19.9612 26.3248 2 2459971.9278241 788120245 1 -7.37301822061122 47.4407773404582 -0.172881416275598 1.00814674154895 64.0484105777844 68.3494646808891 0.94338383788504 1.11641034956797 0.551987440985924 17.8479999542236 0.0610000006854534 4.52099990844727 0.305999994277954 2458182.832801 2458224.749641 0
 320 788 12 1 ZTF_g 2218322734515 0 2.8867 151.733 6.37502 26.3487 3.04931e-05 0.0388305 -0.0594352 4.44706e-05 317 30. 0.105422 0.095454 20.2553 26.3487 2 2459972.8227315 788120145 1 10.977982482002 38.7153562546491 0.315423520427033 1.10831648731111 32.6872126056817 59.749766771395 0.550752992712786 1.10259326365651 0.559311090529057 18.9760000228882 0.0670000016689301 4.8600001335144 0.347000002861023 2458166.882269 2458272.703889 0
 321 788 12 1 ZTF_i 2218411804515 0 2.8902 354 5.97175 25.7506 3.8192e-06 0.0216544 0.190589 1.21127e-05 330 30. 0.108214 0.097967 19.6644 25.7506 2 2459972.9118056 788120345 1 -4.33295695797592 36.092128117137 -0.133544708881972 1.04113641561377 -32.098086193664 55.4965819696051 -0.58227493485341 1.08191090494599 0.555405588655895 17.4110004043579 0.0599999986588955 4.40100002288818 0.29899999499321 2458223.733542 2458557.846713 0
 322 788 12 1 ZTF_g 2218454424515 0 2.8667 153.241 5.62734 26.3756 2.44858e-05 0.0349563 -0.0693985 3.51537e-05 324 30. 0.104095 0.084706 20.4541 26.3756 2 2459972.9544213 788120145 1 -4.38723748670174 30.2299392052353 -0.161439078995743 1.11368892510079 -3.1886502686067 47.0448688204412 -0.0682354121100165 1.10466688791329 0.559311090529057 18.9760000228882 0.0670000016689301 4.8600001335144 0.347000002861023 2458166.882269 2458272.703889 0
 323 788 12 1 ZTF_r 2218468564515 0 3.2869 271.866 7.09135 26.292 1.90873e-05 0.0307266 0.121463 2.66622e-05 329 30. 0.106218 0.109783 19.9383 26.292 2 2459972.9685648 788120245 1 -3.6838079297394 47.0772024375492 -0.0870444594247627 0.92698624961045 29.6374074725683 66.9788203484532 0.445469432902167 1.13310118629451 0.551987440985924 17.8479999542236 0.0610000006854534 4.52099990844727 0.305999994277954 2458182.832801 2458224.749641 0
 324 788 12 1 ZTF_r 2218519024515 0 2.7548 277.293 7.142 26.3105 1.74257e-05 0.0294534 0.128435 2.44686e-05 328 30. 0.110203 0.099946 20.0891 26.3105 2 2459973.0190278 788120245 1 116.278358802156 42.1054444982259 3.07195916193568 1.27614097496777 179.455680182903 65.110973024442 2.77471394024601 1.0982858834391 0.551987440985924 17.8479999542236 0.0610000006854534 4.52099990844727 0.305999994277954 2458182.832801 2458224.749641 0
 325 788 12 1 ZTF_r 2223307154515 0 3.4902 270.456 12.9678 26.2843 4.15016e-05 0.0451858 0.117095 5.84522e-05 324 30. 0.120535 0.103291 19.2976 26.2843 1 2459977.8071528 788120245 1 95.7751477400233 75.9019438185387 1.40363676017641 0.969652161829661 163.409385721114 105.153227844477 1.56447843502248 1.13891221296171 0.551987440985924 17.8479999542236 0.0610000006854534 4.52099990844727 0.305999994277954 2458182.832801 2458224.749641 0
 326 788 12 1 ZTF_g 2223322594515 0 3.1007 143.587 12.2574 26.3372 5.24244e-05 0.0442266 -0.0570719 0.000100004 215 30. 0.104775 0.104255 19.4316 26.3372 2 2459977.8225926 788120145 1 48.1097695677993 75.6944368645402 0.707007654070685 0.994075771486801 1.41365491353323 109.312152598956 0.0130193754936995 1.12177812699071 0.559311090529057 18.9760000228882 0.0670000016689301 4.8600001335144 0.347000002861023 2458166.882269 2458272.703889 0
 327 788 12 1 ZTF_g 2223325564515 0 2.7129 147.841 13.1168 26.3366 3.27235e-05 0.0363165 -0.0566806 6.01486e-05 239 30. 0.10669 0.08312 19.4792 26.3366 1 2459977.8255671 788120145 1 -171.684355444128 74.2755412500191 -2.57122272733839 0.993734033075484 -203.409808264182 115.932913171739 -1.76636452430599 1.09222526634357 0.559311090529057 18.9760000228882 0.0670000016689301 4.8600001335144 0.347000002861023 2458166.882269 2458272.703889 0
 328 788 12 1 ZTF_r 2224193484515 33554433 2.7328 116.445 32.4892 25.2999 0.000252122 0.0548356 0.106211 0.000368954 108 30. 0.15052 0.109153 17.4467 25.2999 2 2459978.6934838 788120245 1 97.5234137395063 171.975489896131 0.630807925048403 0.921669028237279 84.7588033380922 266.853591160326 0.319762077715109 1.08637370454562 0.551987440985924 17.8479999542236 0.0610000006854534 4.52099990844727 0.305999994277954 2458182.832801 2458224.749641 0
 329 788 12 1 ZTF_r 2225219084515 0 2.0362 247.355 17.8901 26.204 2.67175e-05 0.0363582 0.118964 3.7603e-05 325 30. 0.107871 0.098612 19.2289 26.204 2 2459979.7190856 788120245 1 148.292729447029 85.5383492256502 1.92847403183322 1.13234134695842 232.703226381577 147.830263547903 1.58472622842821 1.07458498673863 0.551987440985924 17.8479999542236 0.0610000006854534 4.52099990844727 0.305999994277954 2458182.832801 2458224.749641 0
 330 788 12 1 ZTF_g 2225249354515 0 2.5841 134.413 18.5057 26.2721 6.76945e-05 0.0468112 -0.0485842 0.000125267 191 30. 0.107664 0.094365 19.0643 26.2721 2 2459979.7493519 788120145 1 113.884337173546 107.970993400464 1.17330710994157 0.9765878304263 178.126448330044 172.430349930017 1.03999174322164 1.0912355253764 0.559311090529057 18.9760000228882 0.0670000016689301 4.8600001335144 0.347000002861023 2458166.882269 2458272.703889 0
 331 788 12 1 ZTF_g 2225299404515 0 2.33 139.635 17.4023 26.3241 3.82314e-05 0.0377017 -0.0692427 7.19727e-05 214 30. 0.112063 0.089787 19.2591 26.3241 1 2459979.7994097 788120145 1 -97.5146210801119 94.4261393304042 -1.14876793538974 0.909571176319665 -13.544232268053 159.262105651562 -0.0856164333371088 1.07985784155629 0.559311090529057 18.9760000228882 0.0670000016689301 4.8600001335144 0.347000002861023 2458166.882269 2458272.703889 0
 332 788 12 1 ZTF_g 2225341894515 0 1.8296 141.553 16.7048 26.3653 2.97744e-05 0.035484 -0.0833509 5.44572e-05 249 30. 0.108776 0.083546 19.5494 26.3653 2 2459979.8418981 788120145 1 36.7175160537473 70.551536830216 0.578924082522539 1.08820596527228 108.713222514989 132.181531389047 0.827993223964884 1.05659694411503 0.559311090529057 18.9760000228882 0.0670000016689301 4.8600001335144 0.347000002861023 2458166.882269 2458272.703889 0
 333 788 12 1 ZTF_r 2225405874515 0 1.6813 265.088 15.349 26.3289 5.0118e-05 0.0495113 0.135816 7.00119e-05 322 30. 0.096103 0.110249 19.6519 26.3289 1 2459979.9058796 788120245 1 197.915399999028 69.9592322805688 3.14694646259909 1.71234782277036 145.67395197445 125.448753273838 1.1690436978852 1.0734728656314 0.551987440985924 17.8479999542236 0.0610000006854534 4.52099990844727 0.305999994277954 2458182.832801 2458224.749641 0
 334 788 12 1 ZTF_g 2226205214515 0 1.9985 137.825 20.6196 26.3005 3.44041e-05 0.0354258 -0.0418848 6.52592e-05 211 30. 0.10243 0.084849 19.1807 26.3005 2 2459980.7052199 788120145 1 -87.8459382162086 94.9823443960913 -1.02880626873525 1.0858784913007 -122.947727620695 172.036076561274 -0.71947576411929 1.06116596918371 0.559311090529057 18.9760000228882 0.0670000016689301 4.8600001335144 0.347000002861023 2458166.882269 2458272.703889 0
 335 1822 2 1 ZTF_r 2226368880515 0 2.3185 612.064 15.2854 26.3832 2.02302e-05 0.0302068 0.0903053 2.69648e-05 292 30. 0.108066 0.078289 19.4727 26.3832 2 2459980.8688889 1822120205 1 216.678322888029 72.1694471127663 3.33977253055267 1.0210170270967 304.733262516143 129.045871164522 2.37733804114404 1.03707734022534 0.449660763777972 17.860000038147 0.0520000010728836 4.66300010681152 0.224999994039536 2458439.889294 2458772.004201 0
 336 788 12 1 ZTF_r 2226436624515 37748736 2.2561 275.472 14.7079 26.412 9.73634e-05 0.0668433 0.130785 0.000136619 306 30. 0.100475 0.101968 19.5774 26.412 2 2459980.9366204 788120245 1 116.147983854348 79.7023582913432 1.62104587285763 1.16259535239698 93.8909664886998 135.359299541867 0.698314248595626 1.08418163001542 0.551987440985924 17.8479999542236 0.0610000006854534 4.52099990844727 0.305999994277954 2458182.832801 2458224.749641 0
 337 788 12 1 ZTF_g 2228213904515 0 3.8326 137.643 17.5052 26.2985 7.34771e-05 0.0379261 -0.0694144 0.000141415 131 30. 0.131991 0.101456 18.8065 26.2985 2 2459982.7139005 788120145 1 -20.9532154132957 130.189983186362 -0.179030864193316 0.942426918122299 76.2207916515786 168.337985399689 0.455833797027548 1.15312610127084 0.559311090529057 18.9760000228882 0.0670000016689301 4.8600001335144 0.347000002861023 2458166.882269 2458272.703889 0
 338 788 12 1 ZTF_r 2229351494515 33554432 3.1883 178.948 20.3796 25.9034 9.48035e-05 0.0520829 0.12101 0.000143082 197 30. 0.132646 0.107782 18.4348 25.9034 2 2459983.8514931 788120245 1 -100.139559365654 130.368631042475 -0.854451412418779 0.945578045772135 -230.294884817686 184.597739849055 -1.25595218179002 1.12558950914243 0.551987440985924 17.8479999542236 0.0610000006854534 4.52099990844727 0.305999994277954 2458182.832801 2458224.749641 0
 339 788 12 1 ZTF_r 2229393144515 0 3.1223 236.396 15.9835 26.1412 4.57406e-05 0.0443248 0.126936 6.34765e-05 295 30. 0.124241 0.113979 18.9852 26.1412 1 2459983.8931481 788120245 1 -26.0458540893073 99.2602119966756 -0.291889320789791 1.02867694949145 113.09494219271 145.387765351405 0.783123964111362 1.12214101250213 0.551987440985924 17.8479999542236 0.0610000006854534 4.52099990844727 0.305999994277954 2458182.832801 2458224.749641 0
 340 788 12 1 ZTF_r 2229396044515 33554432 3.3065 171.942 21.619 25.8175 0.000104311 0.0504229 0.101038 0.000159401 174 30. 0.123906 0.113374 18.2608 25.8175 2 2459983.8960417 788120245 1 -119.18071834177 136.137012161567 -0.973833219231934 0.967002371756087 -356.132676086524 194.0694371914 -1.84743798579902 1.12680533791856 0.551987440985924 17.8479999542236 0.0610000006854534 4.52099990844727 0.305999994277954 2458182.832801 2458224.749641 0
 341 788 12 1 ZTF_g 2229407934515 0 2.8789 89.946 18.6087 25.8384 0.000109686 0.0447633 -0.0535342 0.000194616 126 30. 0.123598 0.110025 18.5661 25.8384 2 2459983.9079398 788120145 1 194.515216430486 106.000457847243 2.04127088277646 1.03764050312971 259.733471313449 160.787133168508 1.62626689109786 1.11658401084116 0.559311090529057 18.9760000228882 0.0670000016689301 4.8600001335144 0.347000002861023 2458166.882269 2458272.703889 0
 342 788 12 1 ZTF_g 2230202234515 33554432 4.24 133.924 11.0706 26.2606 0.0003948 0.10786 -0.0460171 0.000735184 176 30. 0.188916 0.121855 19.1889 26.2606 2 2459984.7022338 788120145 1 -31.6805217469938 83.8009336195698 -0.42053124543525 1.04098416095745 -80.7332503581547 104.280521466651 -0.779407240213023 1.1851057779253 0.559311090529057 18.9760000228882 0.0670000016689301 4.8600001335144 0.347000002861023 2458166.882269 2458272.703889 0
 343 1822 2 1 ZTF_g 2230329310515 0 3.2302 571.709 11.8402 26.4373 3.83215e-05 0.0387548 -0.115517 6.79246e-05 215 30. 0.115724 0.091882 19.5044 26.4373 2 2459984.8293171 1822120105 1 -39.0053622082052 62.4459766633444 -0.694823748475863 1.09497036494725 1.24668968875338 93.0371288900947 0.0134901649535848 1.05243342177515 0.568315535857558 18.9919998168945 0.0560000017285347 3.56699991226196 0.300000011920929 2458205.769931 2459624.785046 0
 344 788 12 1 ZTF_g 2230406874515 0 2.5526 153.223 12.0829 26.3635 3.38866e-05 0.0385274 -0.0402164 5.95935e-05 258 30. 0.104568 0.08935 19.6272 26.3635 2 2459984.906875 788120145 1 158.86899590379 65.920278243691 2.68086484662815 0.900775048797676 319.860579091829 105.510443088061 3.05197143591183 1.08916257702737 0.559311090529057 18.9760000228882 0.0670000016689301 4.8600001335144 0.347000002861023 2458166.882269 2458272.703889 0
 345 788 12 1 ZTF_r 2230464714515 0 2.8036 269.373 10.8724 26.2999 2.58783e-05 0.035559 0.134175 3.61428e-05 326 30. 0.113008 0.088477 19.6213 26.2999 2 2459984.9647106 788120245 1 162.058506387187 61.3133148126147 2.94016590288331 1.02179880053525 153.278980628392 95.0254367379151 1.62389491360524 1.08548103228197 0.551987440985924 17.8479999542236 0.0610000006854534 4.52099990844727 0.305999994277954 2458182.832801 2458224.749641 0
 346 788 12 1 ZTF_r 2231175564515 0 3.545 263.122 8.83033 26.2532 3.28339e-05 0.0404841 0.126896 4.63972e-05 328 30. 0.12111 0.108115 19.6135 26.2532 2 2459985.6755671 788120245 1 130.843221082415 59.3576226304694 2.45205117432453 1.02916061049825 167.102770679965 80.1760769898385 2.09823458281774 1.14341451068452 0.551987440985924 17.8479999542236 0.0610000006854534 4.52099990844727 0.305999994277954 2458182.832801 2458224.749641 0
 347 788 12 1 ZTF_g 2231204884515 8 4.6725 138.418 7.06682 26.2634 5.87413e-05 0.0446343 -0.0716321 0.000112301 199 30. 0.138642 0.126975 19.6016 26.2634 2 2459985.7048843 788120145 1 32.1300589708385 62.3853950260046 0.572906031319584 1.01916571216964 108.694507907271 74.5388593038513 1.46804730705211 1.34237489462636 0.559311090529057 18.9760000228882 0.0670000016689301 4.8600001335144 0.347000002861023 2458166.882269 2458272.703889 0
 348 788 12 1 ZTF_r 2231223564515 0 3.5395 272.616 8.97286 26.2928 3.60732e-05 0.0423366 0.128086 5.06589e-05 327 30. 0.127748 0.1172 19.6522 26.2928 2 2459985.7235648 788120245 1 13.6865377734041 60.242596976178 0.252722969567434 1.12393646248013 39.676663096479 81.9523731693651 0.487403673139249 1.1394546256767 0.551987440985924 17.8479999542236 0.0610000006854534 4.52099990844727 0.305999994277954 2458182.832801 2458224.749641 0
 349 788 12 1 ZTF_g 2231268484515 0 2.8442 150.565 9.91248 26.3487 2.60766e-05 0.0340745 -0.050614 4.45449e-05 268 30. 0.106449 0.094851 19.7609 26.3487 2 2459985.7684838 788120145 1 70.1363921938949 57.6695690260538 1.35285582925756 0.962241992136711 162.92166060011 89.3380938635266 1.83593515671479 1.09229922658037 0.559311090529057 18.9760000228882 0.0670000016689301 4.8600001335144 0.347000002861023 2458166.882269 2458272.703889 0
 350 788 12 1 ZTF_g 2231338364515 0 2.7888 154.805 10.0293 26.3706 3.19036e-05 0.0380775 -0.0518016 5.36609e-05 271 30. 0.107023 0.097534 19.7759 26.3706 1 2459985.8383681 788120145 1 33.3855292556105 57.2546002369015 0.648638435993596 1.00383154897829 90.2183120144141 88.5002675897197 1.02627867700463 1.09269833027969 0.559311090529057 18.9760000228882 0.0670000016689301 4.8600001335144 0.347000002861023 2458166.882269 2458272.703889 0
 351 788 12 1 ZTF_r 2231395394515 0 3.301 281.517 10.1108 26.3184 2.76757e-05 0.0372334 0.133726 3.89649e-05 328 30. 0.113099 0.112791 19.6357 26.3184 1 2459985.8953935 788120245 1 43.6519712396192 59.0547470319373 0.822249935316042 1.14935526331316 36.7152044611661 85.0762390797164 0.434463063664393 1.11236106964197 0.551987440985924 17.8479999542236 0.0610000006854534 4.52099990844727 0.305999994277954 2458182.832801 2458224.749641 0
 352 788 12 1 ZTF_g 2238279524515 33554432 3.5678 35.8144 8.20203 24.7725 0.000230466 0.0541404 -0.0780757 0.000444236 96 30. 0.136514 0.111002 18.2099 24.7725 2 2459992.7795255 788120145 1 102.278170568526 52.0995108167667 2.18375597774332 0.988142428531672 60.64432213255 70.400663598054 0.867218602936093 1.16014253872543 0.559311090529057 18.9760000228882 0.0670000016689301 4.8600001335144 0.347000002861023 2458166.882269 2458272.703889 0
 353 788 12 1 ZTF_r 2238330854515 33554464 3.7938 42.0151 11.7782 24.1912 0.000400511 0.0571872 0.111999 0.000555167 78 30. 0.149644 0.119798 17.1746 24.1912 2 2459992.8308565 788120245 1 -43.7427862354846 75.3320352566124 -0.645924179871619 0.984588493031869 -13.2236832819691 99.1095880189647 -0.13432348792681 1.16595900969965 0.551987440985924 17.8479999542236 0.0610000006854534 4.52099990844727 0.305999994277954 2458182.832801 2458224.749641 0
 354 788 12 1 ZTF_g 2238346864515 33554432 3.963 57.6227 7.76065 25.2904 0.000123392 0.0495136 -0.0432882 0.000229406 133 30. 0.119345 0.106696 18.6935 25.2904 2 2459992.8468634 788120145 1 39.3742858941845 52.0441801159204 0.841579833791838 0.938456622559181 50.9476106039148 66.7363595326197 0.768557740515172 1.18191804248483 0.559311090529057 18.9760000228882 0.0670000016689301 4.8600001335144 0.347000002861023 2458166.882269 2458272.703889 0
 355 788 12 1 ZTF_g 2238353094515 33554432 4.453 36.3946 8.29954 24.8001 0.000448904 0.0545378 -0.063914 0.000897139 66 30. 0.141833 0.117944 18.0003 24.8001 1 2459992.8530903 788120145 1 -39.2664668139578 63.136157198286 -0.691828552000995 0.9937266562855 -119.701734342053 76.8713950957686 -1.56765637282559 1.25716569214361 0.559311090529057 18.9760000228882 0.0670000016689301 4.8600001335144 0.347000002861023 2458166.882269 2458272.703889 0
 356 788 12 1 ZTF_r 2238367524515 33554432 4.263 72.1532 11.297 24.8185 0.000152497 0.0452543 0.119218 0.000223363 117 30. 0.156648 0.133968 17.7232 24.8185 1 2459992.8675231 788120245 1 -13.1082838429937 81.2716349002674 -0.17941619483852 1.07577057598381 17.6005394831856 101.034696117504 0.175376190656752 1.22820971146161 0.551987440985924 17.8479999542236 0.0610000006854534 4.52099990844727 0.305999994277954 2458182.832801 2458224.749641 0
 357 788 12 1 ZTF_r 2239153574515 33554432 3.9351 167.362 11.1665 25.7284 0.000209284 0.0857185 0.126265 0.000311414 230 30. 0.131627 0.114686 18.7331 25.7284 2 2459993.6535764 788120245 1 -153.501765595143 77.0003564104658 -2.21756031446206 1.00729959278847 -232.516772356608 98.1617681287819 -2.38466350656153 1.17814242890243 0.551987440985924 17.8479999542236 0.0610000006854534 4.52099990844727 0.305999994277954 2458182.832801 2458224.749641 0
 358 788 12 1 ZTF_g 2239235344515 0 3.1961 105.581 6.99865 25.998 4.18268e-05 0.0427421 -0.0628724 7.37274e-05 255 30. 0.108419 0.095163 19.7044 25.998 2 2459993.7353472 788120145 1 -38.1163468634954 41.6818709156792 -1.01722931461564 1.08342210859918 -48.2616971679696 59.7024498875185 -0.813814886435436 1.12560279653843 0.559311090529057 18.9760000228882 0.0670000016689301 4.8600001335144 0.347000002861023 2458166.882269 2458272.703889 0
 359 788 12 1 ZTF_g 2239301604515 0 2.6419 94.2452 7.44796 25.8213 3.10553e-05 0.0370845 -0.0631561 5.42547e-05 264 30. 0.109437 0.089559 19.6754 25.8213 2 2459993.8016088 788120145 1 29.941805057716 38.9765945825047 0.854533096437951 1.00924924829429 17.2742729701554 62.3478549411301 0.278928861448459 1.097038047962 0.559311090529057 18.9760000228882 0.0670000016689301 4.8600001335144 0.347000002861023 2458166.882269 2458272.703889 0
 360 788 12 1 ZTF_r 2239319874515 0 3.0022 258.528 8.72711 26.2379 2.98669e-05 0.0383172 0.136549 4.22482e-05 322 30. 0.112044 0.103385 19.7973 26.2379 2 2459993.8198727 788120245 1 53.714187195049 48.6428951234594 1.22835640332615 1.0917531596767 67.6776588730246 72.0245654063065 0.945975465662394 1.13317500103359 0.551987440985924 17.8479999542236 0.0610000006854534 4.52099990844727 0.305999994277954 2458182.832801 2458224.749641 0
 361 788 12 1 ZTF_r 2240235944515 0 2.711 264.855 7.56905 26.2736 1.98104e-05 0.0311628 0.128173 2.78681e-05 323 30. 0.103676 0.098658 20.0356 26.2736 2 2459994.7359491 788120245 1 58.837997526338 43.4116869860684 1.50766905787829 1.06198779449978 88.6447294655082 67.8123526075868 1.31601033420923 1.09347430014321 0.551987440985924 17.8479999542236 0.0610000006854534 4.52099990844727 0.305999994277954 2458182.832801 2458224.749641 0
 362 788 12 1 ZTF_r 2240311384515 33554432 2.1624 144.344 9.18296 25.592 4.22274e-05 0.0457037 0.117589 5.93198e-05 327 30. 0.104417 0.091567 19.3884 25.592 2 2459994.8113889 788120245 1 -12.9475505962564 39.1337095137236 -0.368036931365157 1.05563705582291 -29.1922301656043 69.1183945112105 -0.425195662069021 1.06428581474893 0.551987440985924 17.8479999542236 0.0610000006854534 4.52099990844727 0.305999994277954 2458182.832801 2458224.749641 0
 363 788 12 1 ZTF_g 2240368424515 0 2.7113 139.524 6.25819 26.2646 2.67886e-05 0.0360547 -0.0510983 3.96591e-05 310 30. 0.109128 0.09268 20.2206 26.2646 2 2459994.8684259 788120145 1 66.0562166836833 35.7574785272582 2.05495166307771 1.15178560671769 43.5912835753945 55.456673551337 0.791336201181818 1.10245989646066 0.559311090529057 18.9760000228882 0.0670000016689301 4.8600001335144 0.347000002861023 2458166.882269 2458272.703889 0
 364 788 12 1 ZTF_g 2240402194515 0 2.4619 149.294 5.97368 26.3319 2.0573e-05 0.032079 -0.060865 2.93498e-05 324 30. 0.105405 0.092058 20.4445 26.3319 2 2459994.9021991 788120145 1 39.689037564189 33.7354315606706 1.30869697482681 1.07577999819255 70.2253894183444 53.9144918742207 1.31130534664823 1.10224858087164 0.559311090529057 18.9760000228882 0.0670000016689301 4.8600001335144 0.347000002861023 2458166.882269 2458272.703889 0
 365 788 12 1 ZTF_g 2242343064515 33554432 2.1425 74.3103 6.2112 25.5403 0.000179015 0.0904855 -0.0457235 0.000294841 278 30. 0.105216 0.088383 19.8082 25.5403 1 2459996.8430671 788120145 1 39.3660043451088 26.404375175088 1.65844182629946 1.27586665775327 48.5524718540397 46.5010726409552 1.05114726971672 1.0835716155956 0.559311090529057 18.9760000228882 0.0670000016689301 4.8600001335144 0.347000002861023 2458166.882269 2458272.703889 0
 366 788 12 1 ZTF_g 2242344004515 0 1.8418 114.093 6.06997 26.0222 2.3956e-05 0.0343905 -0.0538464 3.5215e-05 314 30. 0.100515 0.090865 20.4006 26.0222 2 2459996.8440046 788120145 1 56.3940126314312 24.573792620419 2.55279305364233 1.66119968580736 108.51216940928 43.55160681287 2.50835762691554 1.07942452502788 0.559311090529057 18.9760000228882 0.0670000016689301 4.8600001335144 0.347000002861023 2458166.882269 2458272.703889 0
 367 788 12 1 ZTF_r 2242368804515 33554464 2.8934 24.2978 8.62369 23.6441 0.00117649 0.112717 0.125826 0.00177053 94 30. 0.158216 0.113716 17.2097 23.6441 2 2459996.8688079 788120245 1 30.2458278635094 49.0425555681653 0.686036439675854 0.997854210670865 -9.73572336846648 75.0455740804345 -0.130604557904933 1.09865531412353 0.551987440985924 17.8479999542236 0.0610000006854534 4.52099990844727 0.305999994277954 2458182.832801 2458224.749641 0
 368 788 12 1 ZTF_g 2242385304515 33554432 1.9787 39.6416 6.31636 24.9022 9.32656e-05 0.0567599 -0.0710446 0.00018151 199 30. 0.11583 0.090306 19.1066 24.9022 2 2459996.8853009 788120145 1 31.0340986685858 26.795079364728 1.28836491627026 1.06424098266443 67.7191361187568 48.3335646498489 1.41051521630205 1.0659713725726 0.559311090529057 18.9760000228882 0.0670000016689301 4.8600001335144 0.347000002861023 2458166.882269 2458272.703889 0
 369 788 12 1 ZTF_g 2259289144515 0 2.7092 139.291 11.7954 26.3066 3.40236e-05 0.0379994 -0.0525281 6.03314e-05 244 30. 0.107481 0.09184 19.5516 26.3066 2 2460013.7891435 788120145 1 96.6129953106855 68.9112587287269 1.55955309585332 1.00879438268185 134.050402443071 108.731482456731 1.24116067000012 1.08437131156475 0.559311090529057 18.9760000228882 0.0670000016689301 4.8600001335144 0.347000002861023 2458166.882269 2458272.703889 0
 370 1822 2 1 ZTF_g 2259331630515 0 2.349 432.199 14.8541 26.1378 4.26967e-05 0.0395789 -0.0979692 7.77178e-05 197 30. 0.10813 0.086325 19.2443 26.1378 2 2460013.8316319 1822120105 1 37.941172679458 67.229845624272 0.627774161932262 1.06436025738136 81.492162866559 121.234142200916 0.676715451462068 1.02563362598534 0.568315535857558 18.9919998168945 0.0560000017285347 3.56699991226196 0.300000011920929 2458205.769931 2459624.785046 0
 371 788 12 1 ZTF_r 2262287314515 0 2.211 171.307 6.47179 25.8068 2.26987e-05 0.0336088 0.126011 3.19306e-05 326 30. 0.098994 0.093262 19.998 25.8068 2 2460016.7873148 788120245 1 24.8406341648242 30.1800172500057 0.915583581787987 1.54597187063458 43.4046150536357 52.6067497503972 0.830633860495678 1.07668186617482 0.551987440985924 17.8479999542236 0.0610000006854534 4.52099990844727 0.305999994277954 2458182.832801 2458224.749641 0
 372 788 12 1 ZTF_r 2262382734515 0 2.5935 253.643 8.55494 26.2138 2.0664e-05 0.0316879 0.130989 2.90565e-05 324 30. 0.100266 0.104255 19.8818 26.2138 2 2460016.8827315 788120245 1 15.7508902158593 46.6248269223396 0.375787796830528 1.15031530247074 -21.048342558886 73.259530120622 -0.289247068908919 1.09391721472151 0.551987440985924 17.8479999542236 0.0610000006854534 4.52099990844727 0.305999994277954 2458182.832801 2458224.749641 0
 373 787 9 0 ZTF_g 2263201933215 4194304 1.781 108.315 5.31905 26.13 2.64275e-05 0.0339592 -0.0817942 3.58218e-05 300 30. 0.100791 0.087222 20.6619 26.13 2 2460017.7019329 787120132 1 -13.6883893634909 23.0807768517363 -0.659715562417727 1.9351594560755 -11.3102550285744 43.3537201850804 -0.262640211689257 1.07419746405986 0.438649327263071 18.9789998054504 0.0759999975562096 5.01700019836426 0.462999999523163 2458166.884375 2458276.724259 0
 374 788 12 1 ZTF_g 2263202404515 0 1.6786 132.01 5.53768 26.2381 1.90937e-05 0.0309581 -0.0680088 2.71499e-05 325 30. 0.090994 0.084519 20.6844 26.2381 2 2460017.7024074 788120145 1 -4.17153202707613 24.7035726794896 -0.187841097491392 1.41148418248981 -5.00380675632653 45.9855169510194 -0.109545526868591 1.06375159922699 0.559311090529057 18.9760000228882 0.0670000016689301 4.8600001335144 0.347000002861023 2458166.882269 2458272.703889 0
 375 788 12 1 ZTF_r 2263369444515 33554432 2.7411 126.087 9.35875 25.4911 3.97977e-05 0.0431285 0.106895 5.60163e-05 308 30. 0.110357 0.120749 19.0768 25.4911 2 2460017.8694444 788120245 1 -10.905394905498 50.2081474511499 -0.241613947317448 1.08125368220659 61.9957343094596 79.8025246066144 0.782096549634467 1.10818188695608 0.551987440985924 17.8479999542236 0.0610000006854534 4.52099990844727 0.305999994277954 2458182.832801 2458224.749641 0
 376 787 9 0 ZTF_r 2263377443215 37748736 2.3305 75.3938 12.1352 25.0574 7.20433e-05 0.0519603 0.128521 9.79202e-05 254 30. 0.117597 0.111927 18.5196 25.0574 2 2460017.8774421 787120232 1 12.7765764921389 45.0729321597535 0.315321431154727 1.03522539429415 118.122045082485 76.1224597239851 1.56218814110112 1.08925257743258 0.462397800485168 17.9640001296997 0.0590000003576279 4.32499980926514 0.386999994516373 2458160.745150 2458229.694375 0
 377 788 12 1 ZTF_r 2263399144515 33554432 1.9144 80.2626 10.7 25.0218 6.46259e-05 0.0468189 0.131972 9.25606e-05 232 30. 0.122878 0.111672 18.611 25.0218 2 2460017.8991435 788120245 1 -44.6249264063248 52.5247417776131 -0.945079598216188 1.04454345876109 -57.9428340439991 89.7362658152198 -0.650050253764041 1.09182935633101 0.551987440985924 17.8479999542236 0.0610000006854534 4.52099990844727 0.305999994277954 2458182.832801 2458224.749641 0
 378 787 9 0 ZTF_g 2266195893215 4194304 2.0427 120.525 5.18064 26.2333 2.41845e-05 0.0325563 -0.0759424 3.29311e-05 301 30. 0.106595 0.086548 20.6568 26.2333 2 2460020.6958912 787120132 1 -16.0412442265663 22.8069386148871 -0.782394625343541 2.24697449983012 -14.2443627272881 40.1642345204693 -0.357041519675823 1.08288873979015 0.438649327263071 18.9789998054504 0.0759999975562096 5.01700019836426 0.462999999523163 2458166.884375 2458276.724259 0
 379 788 12 1 ZTF_g 2266196824515 0 2.0585 146.764 5.852 26.3152 1.641e-05 0.0282901 -0.0693985 2.32589e-05 322 30. 0.09326 0.084102 20.6579 26.3152 2 2460020.6968287 788120145 1 0.366718646667161 24.0838593916309 0.0169379837285359 1.45787355660233 -29.8831930824055 42.78863037824 -0.703094673543036 1.0706191421681 0.559311090529057 18.9760000228882 0.0670000016689301 4.8600001335144 0.347000002861023 2458166.882269 2458272.703889 0
 380 788 12 1 ZTF_g 2266217544515 0 2.0191 148.553 5.55905 26.332 1.81582e-05 0.0298037 -0.0753663 2.54533e-05 323 30. 0.091757 0.082554 20.7452 26.332 1 2460020.7175463 788120145 1 35.0576492857413 22.3192010185047 1.74726569179785 2.00363871354471 7.98425714942104 39.8243239374613 0.201837238802058 1.06856962055199 0.559311090529057 18.9760000228882 0.0670000016689301 4.8600001335144 0.347000002861023 2458166.882269 2458272.703889 0
 381 788 12 1 ZTF_g 2266494214515 0 2.5929 132.206 6.26456 26.2281 2.19786e-05 0.0330002 -0.0459205 3.24561e-05 313 30. 0.109782 0.092923 20.2284 26.2281 2 2460020.994213 788120145 1 55.0138095541629 38.1471214509994 1.60422303745734 1.12008998384444 41.338218197033 60.9763871967678 0.682504087044151 1.10168072064416 0.559311090529057 18.9760000228882 0.0670000016689301 4.8600001335144 0.347000002861023 2458166.882269 2458272.703889 0
 382 787 9 0 ZTF_g 2266495153215 4194304 3.4148 112.129 6.10325 26.1481 3.60533e-05 0.0392881 -0.036879 5.30318e-05 277 30. 0.125903 0.100502 20.1527 26.1481 2 2460020.9951505 787120132 1 -9.29536787125828 39.4679644163674 -0.261985137948834 1.16746769262053 -29.5904061245287 61.2863391133465 -0.486074052443627 1.1310040597007 0.438649327263071 18.9789998054504 0.0759999975562096 5.01700019836426 0.462999999523163 2458166.884375 2458276.724259 0
 383 788 12 1 ZTF_g 2275393324515 0 2.663 144.649 6.83482 26.283 2.89806e-05 0.0375178 -0.0481764 4.3794e-05 304 30. 0.111572 0.0974 20.1482 26.283 2 2460029.8933218 788120145 1 55.6753630299467 36.4836560861172 1.69753800206434 1.1654859595022 82.4779708281306 55.9770321691811 1.48334882163931 1.12227417621974 0.559311090529057 18.9760000228882 0.0670000016689301 4.8600001335144 0.347000002861023 2458166.882269 2458272.703889 0
 384 788 12 1 ZTF_g 2277218364515 0 2.0969 151.56 7.58483 26.3469 2.42465e-05 0.0347262 -0.0547095 3.43492e-05 326 30. 0.101419 0.101493 20.3926 26.3469 2 2460031.7183681 788120145 1 38.2060056412102 34.2014112099951 1.2426316483787 1.28452144522821 138.935913290292 58.7485055330088 2.38085468542477 1.0918461385986 0.559311090529057 18.9760000228882 0.0670000016689301 4.8600001335144 0.347000002861023 2458166.882269 2458272.703889 0
 385 787 9 0 ZTF_g 2277218843215 4194304 3.0005 124.001 7.0983 26.2758 2.75794e-05 0.0347584 -0.0672158 4.02894e-05 280 30. 0.098414 0.092048 20.2116 26.2758 1 2460031.7188426 787120132 1 6.44790734931491 41.7213056048953 0.171915762949991 1.16121215882609 -5.15812596680682 68.8033561065766 -0.0754740253356509 1.10165343640125 0.438649327263071 18.9789998054504 0.0759999975562096 5.01700019836426 0.462999999523163 2458166.884375 2458276.724259 0
 386 788 12 1 ZTF_r 2277269844515 0 2.3912 208.654 11.48 26.0241 2.4205e-05 0.0344169 0.128034 3.4303e-05 321 30. 0.106795 0.107268 19.4925 26.0241 2 2460031.7698495 788120245 1 71.1893188981736 51.3342402883726 1.54263258176184 1.12660021425448 168.236573917486 82.9864378681671 2.04093176274608 1.09724873197589 0.551987440985924 17.8479999542236 0.0610000006854534 4.52099990844727 0.305999994277954 2458182.832801 2458224.749641 0
 387 788 12 1 ZTF_g 2277278394515 0 2.7426 128.491 8.02694 26.1437 2.5592e-05 0.0350633 -0.0363761 3.97079e-05 302 30. 0.097654 0.093606 20.107 26.1437 2 2460031.7783912 788120145 1 66.8002410031169 36.6076738491284 2.02983481415844 1.26378002157746 114.83568910832 62.7318316487243 1.8429099078263 1.08887909191146 0.559311090529057 18.9760000228882 0.0670000016689301 4.8600001335144 0.347000002861023 2458166.882269 2458272.703889 0
 388 788 12 1 ZTF_r 2277337474515 33554432 2.7018 54.7109 11.5476 24.5461 0.000448612 0.105015 0.12294 0.000670657 177 30. 0.133069 0.113793 17.9653 24.5461 2 2460031.8374769 788120245 1 44.373703739481 57.3594513543582 0.860548777430903 0.917474430051935 116.48556686295 96.4154105833223 1.21630041451116 1.08476910640012 0.551987440985924 17.8479999542236 0.0610000006854534 4.52099990844727 0.305999994277954 2458182.832801 2458224.749641 0
 389 788 12 1 ZTF_g 2278166664515 0 2.1728 146.004 9.082 26.2867 2.28837e-05 0.0330003 -0.0394392 3.51381e-05 298 30. 0.095333 0.09016 20.1481 26.2867 2 2460032.6666667 788120145 1 19.0652840947507 41.4599697086985 0.511527635686173 1.09320989471918 -15.8868390532118 73.3568233373724 -0.21802795023888 1.08159699335636 0.559311090529057 18.9760000228882 0.0670000016689301 4.8600001335144 0.347000002861023 2458166.882269 2458272.703889 0
 390 787 9 0 ZTF_i 2278200043215 33554432 12.8622 196.082 12.0563 24.872 2.32422e-05 0.0470227 0.174126 6.71015e-05 281 30. 0.114663 0.102097 18.3314 24.872 2 2460032.7000463 787120332 1 152.985884272973 60.69961808674 2.80362680559488 1.03786995304107 81.2407527234222 108.177482070006 0.756053037121586 1.09962565050258 0.406091475756576 17.3470002746582 0.0659999996423721 4.44299983978271 0.331999987363815 2458174.769132 2458561.945544 0
 391 788 12 1 ZTF_r 2278214354515 0 2.7836 229.006 11.2147 26.1544 4.02583e-05 0.0443354 0.11409 5.65578e-05 323 30. 0.101211 0.109455 19.5739 26.1544 2 2460032.7143519 788120245 1 52.0999616938921 56.7943814923229 1.0204384884431 1.12887275540181 84.2362910355778 91.046896992473 0.931427979464699 1.09588761723489 0.551987440985924 17.8479999542236 0.0610000006854534 4.52099990844727 0.305999994277954 2458182.832801 2458224.749641 0
 392 788 12 1 ZTF_g 2278464664515 0 3.0282 128.547 5.88062 26.2096 3.07021e-05 0.0382869 -0.0506563 4.72314e-05 302 30. 0.120235 0.090529 20.1086 26.2096 2 2460032.9646644 788120145 1 -28.8233768690267 35.1529168219028 -0.912091261271502 1.08487976091751 -7.80200551364575 51.7912092045952 -0.151658024407952 1.10341594407808 0.559311090529057 18.9760000228882 0.0670000016689301 4.8600001335144 0.347000002861023 2458166.882269 2458272.703889 0
 393 787 9 0 ZTF_r 2282262253215 4194304 2.5777 200.941 11.6073 26.3905 4.10816e-05 0.0423504 0.121651 5.5004e-05 305 30. 0.100951 0.103273 19.7341 26.3905 1 2460036.7622569 787120232 1 55.3138675391577 63.6308953746211 0.966987348450972 1.20844348387789 0.513707740741757 106.655795389124 0.0048489403697656 1.07634116501551 0.462397800485168 17.9640001296997 0.0590000003576279 4.32499980926514 0.386999994516373 2458160.745150 2458229.694375 0
 394 788 12 1 ZTF_r 2282262744515 0 2.6927 272.731 13.1596 26.303 2.45197e-05 0.0347283 0.126441 3.44916e-05 324 30. 0.099658 0.099946 19.5985 26.303 1 2460036.7627431 788120245 1 -1.80709102184488 65.605612801258 -0.0306403578296957 1.157132746157 -38.2304008782453 107.16671833998 -0.359140276234291 1.09020029966316 0.551987440985924 17.8479999542236 0.0610000006854534 4.52099990844727 0.305999994277954 2458182.832801 2458224.749641 0
 395 787 9 0 ZTF_g 2282302693215 4194304 2.5108 122.897 12.3857 26.2637 2.58591e-05 0.0313994 -0.0575632 4.56838e-05 228 30. 0.099726 0.100636 19.6596 26.2637 1 2460036.8026968 787120132 1 18.2526679526633 63.8576943034168 0.317956656077446 1.02387288899831 -88.371551288403 107.484263639429 -0.827718735360474 1.10689672271906 0.438649327263071 18.9789998054504 0.0759999975562096 5.01700019836426 0.462999999523163 2458166.884375 2458276.724259 0
 396 788 12 1 ZTF_g 2282327334515 0 2.738 147.147 13.3966 26.3313 3.65196e-05 0.0381418 -0.0554768 6.67899e-05 234 30. 0.106762 0.093502 19.4945 26.3313 1 2460036.827338 788120145 1 47.1961360128804 72.5016213946811 0.724124974275954 0.91737038476099 169.709333881977 114.89326670765 1.48705264377784 1.10192195748793 0.559311090529057 18.9760000228882 0.0670000016689301 4.8600001335144 0.347000002861023 2458166.882269 2458272.703889 0
 397 788 12 1 ZTF_g 2289303024515 0 2.1364 116.523 11.2158 26.1051 3.60878e-05 0.0390895 -0.0384033 6.35339e-05 246 30. 0.106758 0.09218 19.6227 26.1051 1 2460043.8030208 788120145 1 70.1345229232242 56.5980449653612 1.37843159296944 1.05698074964712 63.1315013848288 97.5259536541484 0.651690071181553 1.08170197363846 0.559311090529057 18.9760000228882 0.0670000016689301 4.8600001335144 0.347000002861023 2458166.882269 2458272.703889 0
 398 787 9 0 ZTF_g 2289325103215 4194304 2.5914 109.704 11.0723 26.155 4.87379e-05 0.0426196 -0.0427716 8.73954e-05 218 30. 0.106101 0.098919 19.5847 26.155 1 2460043.8251042 787120132 1 37.9445542905509 61.6864652513879 0.684249315830623 1.08775431706747 95.479698773459 98.9815968576921 0.971117491429358 1.12772042597453 0.438649327263071 18.9789998054504 0.0759999975562096 5.01700019836426 0.462999999523163 2458166.884375 2458276.724259 0
 399 788 12 1 ZTF_r 2289361734515 0 2.0221 265.859 11.2481 26.3205 3.62341e-05 0.0418732 0.128814 5.05955e-05 322 30. 0.099593 0.097446 19.9553 26.3205 1 2460043.8617361 788120245 1 122.759561572876 46.2021904113372 2.95561297336957 1.34774783617737 90.2403170282131 79.003256173159 1.1499284353071 1.08172765091396 0.551987440985924 17.8479999542236 0.0610000006854534 4.52099990844727 0.305999994277954 2458182.832801 2458224.749641 0
 400 787 9 0 ZTF_g 2291322873215 4194304 1.7248 121.512 6.52432 26.2379 2.17544e-05 0.0314415 -0.0630427 2.98602e-05 307 30. 0.10272 0.091986 20.5407 26.2379 1 2460045.8228704 787120132 1 27.9336249370613 32.2566480637383 0.963302889161007 1.87208539738659 39.0388070855063 58.191018060549 0.67539178737906 1.09072953472394 0.438649327263071 18.9789998054504 0.0759999975562096 5.01700019836426 0.462999999523163 2458166.884375 2458276.724259 0
 401 788 12 1 ZTF_g 2291323344515 0 1.6589 143.078 6.69162 26.3249 1.96867e-05 0.0314729 -0.0633747 2.83501e-05 324 30. 0.096964 0.093359 20.5592 26.3249 1 2460045.8233449 788120145 1 32.0450020223771 27.9868858032238 1.27368058468566 1.54479644367618 97.6744455187806 51.7317443796237 1.9008113820297 1.06959311385868 0.559311090529057 18.9760000228882 0.0670000016689301 4.8600001335144 0.347000002861023 2458166.882269 2458272.703889 0
 402 787 9 0 ZTF_g 2297218463215 4194304 1.8107 124.428 4.67092 26.2714 3.60025e-05 0.0398996 -0.0957753 4.85646e-05 304 30. 0.123922 0.091164 20.9035 26.2714 1 2460051.7184606 787120132 1 -1.08501818956061 22.9623042275466 -0.0525625411771277 2.52896875227098 -16.111282578841 40.9960718658568 -0.395642612956758 1.09624316551567 0.438649327263071 18.9789998054504 0.0759999975562096 5.01700019836426 0.462999999523163 2458166.884375 2458276.724259 0
 403 788 12 1 ZTF_g 2297219884515 0 1.8804 145.705 4.9807 26.339 1.87121e-05 0.0306102 -0.0578467 2.61721e-05 328 30. 0.096484 0.082278 20.8438 26.339 1 2460051.7198843 788120145 1 1.64256008409087 25.0252215343472 0.0730126539832282 1.66413197531308 16.4514637657765 44.8596462081092 0.369201871185925 1.07574920864082 0.559311090529057 18.9760000228882 0.0670000016689301 4.8600001335144 0.347000002861023 2458166.882269 2458272.703889 0
 404 787 9 0 ZTF_r 2299219213215 4194304 2.5533 187.531 7.08794 26.1763 1.85861e-05 0.0284827 0.118426 2.506e-05 303 30. 0.104218 0.095111 20.0414 26.1763 1 2460053.719213 787120232 1 105.267550824557 42.0709816395243 2.78334264864143 1.39182267996269 100.109023849605 67.3908257188907 1.49550421455579 1.09316249975125 0.462397800485168 17.9640001296997 0.0590000003576279 4.32499980926514 0.386999994516373 2458160.745150 2458229.694375 0
 405 788 12 1 ZTF_r 2299241224515 0 3.303 252.792 7.95557 26.2136 2.53574e-05 0.0354107 0.13557 3.58265e-05 324 30. 0.11276 0.112436 19.7292 26.2136 1 2460053.7412269 788120245 1 193.405980056529 49.5586788481818 4.34115186639889 1.20215249713281 176.997846808811 69.3865267020748 2.56807691579258 1.14202779028673 0.551987440985924 17.8479999542236 0.0610000006854534 4.52099990844727 0.305999994277954 2458182.832801 2458224.749641 0
 406 787 9 0 ZTF_g 2299265093215 4194304 4.0583 99.5336 6.01064 26.0373 3.71288e-05 0.0362281 -0.038267 6.88931e-05 203 30. 0.126825 0.108092 19.707 26.0373 1 2460053.7650926 787120132 1 -19.4506622928172 49.7010477381266 -0.435335065829221 0.915698510640312 6.95160551381389 63.4186568921839 0.110352778186508 1.2106648025091 0.438649327263071 18.9789998054504 0.0759999975562096 5.01700019836426 0.462999999523163 2458166.884375 2458276.724259 0
 407 788 12 1 ZTF_g 2299306724515 0 3.264 144.991 5.98094 26.298 2.70844e-05 0.0360504 -0.043122 4.16364e-05 301 30. 0.113504 0.099005 20.134 26.298 1 2460053.8067245 788120145 1 -67.9847646115356 35.8016827119151 -2.11233580185037 1.12147723311307 -55.8107922319879 51.5408737322367 -1.09013831276199 1.11502482469848 0.559311090529057 18.9760000228882 0.0670000016689301 4.8600001335144 0.347000002861023 2458166.882269 2458272.703889 0
 408 787 9 0 ZTF_i 2300246943215 0 3.659 383.072 6.64508 25.5892 6.8555e-06 0.027409 0.187747 2.20688e-05 314 30. 0.116761 0.121082 19.46 25.5892 2 2460054.7469444 787120332 1 56.0130929478446 41.6252658676572 1.49688120368886 1.42374998443486 85.1984458450464 65.0069175198158 1.31943284733585 1.11682968555787 0.406091475756576 17.3470002746582 0.0659999996423721 4.44299983978271 0.331999987363815 2458174.769132 2458561.945544 0
 409 787 9 0 ZTF_g 2301280043215 4194304 2.9493 122.517 6.0708 26.2611 3.55524e-05 0.0394165 -0.0585765 4.97371e-05 288 30. 0.119537 0.094495 20.2699 26.2611 1 2460055.7800463 787120132 1 -21.2987582538353 38.4740687144233 -0.615801821271758 1.1086370528451 -70.0811456154857 59.8480629379547 -1.17887100600836 1.12760836306733 0.438649327263071 18.9789998054504 0.0759999975562096 5.01700019836426 0.462999999523163 2458166.884375 2458276.724259 0
 410 788 12 1 ZTF_g 2301281604515 0 2.6352 150.069 6.23464 26.339 2.62582e-05 0.0358771 -0.0587016 3.89669e-05 313 30. 0.111975 0.096656 20.3061 26.339 1 2460055.7816088 788120145 1 -9.29225631781591 35.4797322294491 -0.291337003124261 1.03254158205846 14.6134318032843 55.6539351227795 0.264345262824734 1.10253895080145 0.559311090529057 18.9760000228882 0.0670000016689301 4.8600001335144 0.347000002861023 2458166.882269 2458272.703889 0
 411 787 9 0 ZTF_g 2303215683215 4194304 1.7796 121.936 6.06517 26.242 2.3589e-05 0.0321297 -0.0653332 3.18014e-05 304 30. 0.105142 0.086737 20.6902 26.242 1 2460057.7156829 787120132 1 18.7415073547087 25.4627566464497 0.818754875953705 2.51856623061159 18.2858377857309 48.1568306448593 0.382271709096722 1.07589912790746 0.438649327263071 18.9789998054504 0.0759999975562096 5.01700019836426 0.462999999523163 2458166.884375 2458276.724259 0
 412 788 12 1 ZTF_g 2303217694515 0 1.7138 142.909 6.09496 26.3265 1.90418e-05 0.0308561 -0.0669047 2.6986e-05 324 30. 0.093907 0.083652 20.664 26.3265 1 2460057.7176968 788120145 1 19.0327808700732 26.5085331012092 0.798677321267639 1.89631208179253 91.9864559214671 49.4822245983184 1.87150013456908 1.06433980979912 0.559311090529057 18.9760000228882 0.0670000016689301 4.8600001335144 0.347000002861023 2458166.882269 2458272.703889 0
 413 787 9 0 ZTF_g 2305174953215 4194304 3.3208 298.407 81.6143 26.2029 3.30692e-05 0.03806 -0.0514595 4.7256e-05 289 30. 0.110915 0.096493 19.4819 26.2029 1 2460059.6749537 787120132 1 16.212528356843 38.4017635606184 0.469628430474686 1.25311977330836 -30.2582976877666 60.8657772536016 -0.50047975131706 1.11687039412455 0.438649327263071 18.9789998054504 0.0759999975562096 5.01700019836426 0.462999999523163 2458166.884375 2458276.724259 0
 414 788 12 1 ZTF_r 2305202694515 33554432 2.7541 249.978 7.02128 26.4024 5.69452e-05 0.0533902 0.123004 8.00093e-05 328 30. 0.104202 0.097067 20.3384 26.4024 1 2460059.7026968 788120245 1 121.858817168417 39.311416414867 3.44820492164046 1.56475274484092 110.609773077325 64.3766542707468 1.72973786109796 1.08387942389889 0.551987440985924 17.8479999542236 0.0610000006854534 4.52099990844727 0.305999994277954 2458182.832801 2458224.749641 0
 415 788 12 1 ZTF_g 2305322224515 0 2.3928 131.957 5.10433 26.2294 1.86655e-05 0.0307187 -0.0581196 2.65453e-05 327 30. 0.106746 0.092376 20.4985 26.2294 1 2460059.8222222 788120145 1 20.5739075803248 28.3851941206756 0.806268545206338 1.25135007554802 55.6964183446144 47.0736615524157 1.19114458228874 1.08635403805773 0.559311090529057 18.9760000228882 0.0670000016689301 4.8600001335144 0.347000002861023 2458166.882269 2458272.703889 0
 416 788 12 1 ZTF_g 2307174984515 0 1.9667 138.594 7.96424 26.2698 2.18338e-05 0.0329978 -0.0308617 3.17213e-05 317 30. 0.102296 0.092995 20.2939 26.2698 1 2460061.6749884 788120145 1 62.5307315302405 36.7363941181702 1.89344103442699 1.12297706784429 169.099940010961 66.6668981134127 2.55357370229641 1.07770046295308 0.559311090529057 18.9760000228882 0.0670000016689301 4.8600001335144 0.347000002861023 2458166.882269 2458272.703889 0
 417 787 9 0 ZTF_g 2307175963215 4194304 1.9843 297.885 81.6686 26.1979 2.20724e-05 0.031158 -0.0423171 3.20228e-05 281 30. 0.097925 0.092874 19.635 26.1979 1 2460061.6759606 787120132 1 24.3826774862338 27.4949516369695 0.98646853026399 1.56820628089206 27.2805473831582 48.6858175674415 0.564112606331875 1.08711846508794 0.438649327263071 18.9789998054504 0.0759999975562096 5.01700019836426 0.462999999523163 2458166.884375 2458276.724259 0
 418 788 12 1 ZTF_g 2309172824515 0 1.8762 140.666 9.67051 26.3035 2.26229e-05 0.0329176 -0.055895 3.46082e-05 303 30. 0.100033 0.085287 20.1218 26.3035 1 2460063.6728241 788120145 1 12.9773313175478 39.7115670385492 0.363515696859256 1.53230296299985 -1.35547547262671 74.9902883017116 -0.0181970853669976 1.06090064833232 0.559311090529057 18.9760000228882 0.0670000016689301 4.8600001335144 0.347000002861023 2458166.882269 2458272.703889 0
 419 787 9 0 ZTF_g 2309173763215 4194304 2.7082 305.256 14.3129 26.2299 4.03057e-05 0.0407875 -0.0376175 6.35492e-05 257 30. 0.099685 0.09805 19.5254 26.2299 1 2460063.6737616 787120132 1 80.8269875923605 47.5490850896023 1.89090203480082 1.21711423225163 -26.9212313544477 80.0657712869167 -0.338503544784551 1.10273419306094 0.438649327263071 18.9789998054504 0.0759999975562096 5.01700019836426 0.462999999523163 2458166.884375 2458276.724259 0
 420 1822 2 1 ZTF_g 2309220750515 0 2.1444 555.244 9.68102 26.398 2.41092e-05 0.0328465 -0.106738 3.39083e-05 279 30. 0.10964 0.077225 20.0357 26.398 2 2460063.7207523 1822120105 1 25.6198828147656 43.2982621345277 0.65820545103315 0.966842277739598 47.4429932548455 82.4426098905659 0.579342704063408 1.02588208400574 0.568315535857558 18.9919998168945 0.0560000017285347 3.56699991226196 0.300000011920929 2458205.769931 2459624.785046 0
 421 1822 2 1 ZTF_g 2310170920515 0 1.8336 511.589 11.5252 26.3145 2.73014e-05 0.0344308 -0.0940942 4.04184e-05 264 30. 0.100516 0.080687 19.906 26.3145 2 2460064.6709259 1822120105 1 -25.6479156052059 42.1767859405174 -0.676446408928739 1.22668588132843 191.667357215923 86.6568962488309 2.22669234933439 1.02227393090249 0.568315535857558 18.9919998168945 0.0560000017285347 3.56699991226196 0.300000011920929 2458205.769931 2459624.785046 0
 422 787 9 0 ZTF_r 2311198883215 4194304 2.0042 194.22 11.039 26.2665 2.12352e-05 0.0303654 0.111864 2.83113e-05 301 30. 0.093381 0.079563 19.82 26.2665 1 2460065.6988889 787120232 1 46.3508842753286 52.2254847149636 0.987257281645945 1.35098775199522 11.4569189307123 97.8739208436066 0.117846325552992 1.04758958469132 0.462397800485168 17.9640001296997 0.0590000003576279 4.32499980926514 0.386999994516373 2458160.745150 2458229.694375 0
 423 788 12 1 ZTF_r 2311199374515 0 2.3113 256.446 11.0216 26.3253 3.30693e-05 0.0405248 0.133913 4.65597e-05 327 30. 0.102278 0.112989 19.8392 26.3253 1 2460065.699375 788120245 1 -19.4662630638134 53.1355280512647 -0.407523247321636 1.42623298592969 -51.8065828609744 89.909367341748 -0.580089758378408 1.08503680391464 0.551987440985924 17.8479999542236 0.0610000006854534 4.52099990844727 0.305999994277954 2458182.832801 2458224.749641 0
 424 788 12 1 ZTF_g 2311320464515 0 2.5448 133.237 12.584 26.2506 3.20378e-05 0.0359171 -0.0336124 5.94999e-05 237 30. 0.117282 0.084877 19.497 26.2506 1 2460065.820463 788120145 1 -80.9954310832628 65.6883562995852 -1.37159826638469 1.14415712101563 -213.167747489423 105.435904213925 -2.03539246078764 1.10116430406846 0.559311090529057 18.9760000228882 0.0670000016689301 4.8600001335144 0.347000002861023 2458166.882269 2458272.703889 0
 425 787 9 0 ZTF_g 2311321503215 4194304 2.2267 286.278 12.8447 26.1703 3.952e-05 0.0387656 -0.038716 6.90899e-05 224 30. 0.10795 0.089231 18.6804 26.1703 1 2460065.8215046 787120132 1 40.3634012959875 59.6211314286569 0.753082132024786 1.02292165297867 -42.214510780994 104.100847770572 -0.408246703557835 1.08539705908205 0.438649327263071 18.9789998054504 0.0759999975562096 5.01700019836426 0.462999999523163 2458166.884375 2458276.724259 0
# ------------------------------END---------------------------------
